{"type":"FeatureCollection","name":"gn_divisions","features":[{"type":"Feature","properties":{"pcode":"LK1324210","gn":"Karandagoda","ds":"Beruwala","district":"Kalutara"},"geometry":{"type":"Polygon","coordinates":[[[80.00115,6.48769],[80.00131,6.48738],[80.00146,6.48742],[80.00151,6.48714],[80.00122,6.48657],[79.99884,6.48417],[79.9988,6.48337],[79.99795,6.48122],[79.99791,6.48027],[79.99695,6.48067],[79.99678,6.48056],[79.99624,6.48057],[79.9962,6.48042],[79.99546,6.48053],[79.99543,6.48116],[79.99498,6.48138],[79.99342,6.48107],[79.99224,6.48124],[79.99188,6.48057],[79.99148,6.48081],[79.99132,6.48137],[79.99143,6.48367],[79.99169,6.48432],[79.99171,6.48507],[79.99186,6.48539],[79.99155,6.4865],[79.99252,6.48759],[79.99234,6.48782],[79.99323,6.48829],[79.9935,6.4883],[79.99368,6.48783],[79.9944,6.48778],[79.99478,6.4879],[79.9951,6.48854],[79.99584,6.48856],[79.99604,6.48842],[79.99578,6.48776],[79.9953,6.48764],[79.99487,6.48719],[79.99536,6.48667],[79.99589,6.4867],[79.99631,6.48694],[79.99681,6.48635],[79.99708,6.48579],[79.99762,6.4864],[79.99828,6.48599],[79.9994,6.48704],[79.99932,6.48732],[79.99941,6.48741],[79.99963,6.48733],[79.99992,6.48686],[80.00115,6.48769]]]}},{"type":"Feature","properties":{"pcode":"LK1324205","gn":"Akkaragoda","ds":"Beruwala","district":"Kalutara"},"geometry":{"type":"Polygon","coordinates":[[[79.99032,6.48103],[79.99188,6.48057],[79.99224,6.48124],[79.99342,6.48107],[79.99498,6.48138],[79.99543,6.48116],[79.99546,6.48053],[79.99556,6.48051],[79.99556,6.4805],[79.99509,6.4801],[79.99455,6.4799],[79.99417,6.47989],[79.99395,6.47936],[79.99391,6.47884],[79.99329,6.47848],[79.99288,6.47805],[79.99081,6.47796],[79.99131,6.47709],[79.9896,6.47717],[79.98882,6.47709],[79.98674,6.47731],[79.98607,6.47712],[79.98481,6.47614],[79.98412,6.47587],[79.98394,6.47595],[79.9849,6.47778],[79.9855,6.47792],[79.98564,6.4781],[79.98646,6.47849],[79.98681,6.47849],[79.9869,6.47875],[79.98739,6.47905],[79.9864,6.48115],[79.98587,6.48141],[79.98583,6.48205],[79.98691,6.48264],[79.98741,6.48225],[79.98846,6.48201],[79.98906,6.48174],[79.99004,6.48159],[79.99032,6.48103]]]}},{"type":"Feature","properties":{"pcode":"LK1324240","gn":"Massalgoda","ds":"Beruwala","district":"Kalutara"},"geometry":{"type":"Polygon","coordinates":[[[79.98539,6.47001],[79.98636,6.46747],[79.98716,6.46497],[79.98642,6.46489],[79.98523,6.4645],[79.98423,6.46558],[79.98414,6.46601],[79.98383,6.46605],[79.98368,6.46578],[79.98341,6.46566],[79.98257,6.46575],[79.98254,6.46618],[79.98283,6.46659],[79.98249,6.46691],[79.98199,6.46707],[79.98188,6.46721],[79.98183,6.46765],[79.98221,6.46838],[79.98184,6.46859],[79.98179,6.4692],[79.98235,6.46921],[79.98261,6.46956],[79.98315,6.46974],[79.9835,6.47013],[79.98459,6.46978],[79.98539,6.47001]]]}},{"type":"Feature","properties":{"pcode":"LK1324235","gn":"Hettiyakanda","ds":"Beruwala","district":"Kalutara"},"geometry":{"type":"Polygon","coordinates":[[[79.98257,6.46575],[79.98233,6.46542],[79.98052,6.46474],[79.98069,6.46437],[79.98028,6.46411],[79.97883,6.46382],[79.97884,6.46425],[79.97854,6.46461],[79.97882,6.46546],[79.9788,6.46647],[79.97858,6.46671],[79.97855,6.46717],[79.97825,6.46803],[79.97865,6.46841],[79.97853,6.46859],[79.97993,6.46912],[79.98179,6.4692],[79.98184,6.46859],[79.98221,6.46838],[79.98183,6.46765],[79.98188,6.46721],[79.98199,6.46707],[79.98249,6.46691],[79.98283,6.46659],[79.98254,6.46618],[79.98257,6.46575]]]}},{"type":"Feature","properties":{"pcode":"LK1324230","gn":"Maradana","ds":"Beruwala","district":"Kalutara"},"geometry":{"type":"MultiPolygon","coordinates":[[[[79.96806,6.46428],[79.96895,6.46434],[79.96904,6.46418],[79.96982,6.46383],[79.96985,6.46357],[79.97017,6.46327],[79.97038,6.46254],[79.97049,6.46248],[79.97028,6.46192],[79.97008,6.46186],[79.9699,6.46225],[79.96975,6.46212],[79.9697,6.46181],[79.96935,6.46141],[79.96934,6.46174],[79.96919,6.462],[79.96829,6.46212],[79.96824,6.46246],[79.96746,6.4628],[79.96748,6.46333],[79.96763,6.46313],[79.96763,6.46369],[79.96806,6.46428]]],[[[79.97656,6.45758],[79.97637,6.4579],[79.97596,6.45805],[79.97574,6.45858],[79.97434,6.45989],[79.9743,6.46066],[79.97445,6.46143],[79.97428,6.46237],[79.97434,6.46314],[79.97488,6.46536],[79.97503,6.467],[79.97604,6.46701],[79.97624,6.46774],[79.97655,6.46778],[79.9772,6.46758],[79.97759,6.46758],[79.97782,6.46807],[79.97806,6.46806],[79.97805,6.46791],[79.97825,6.46803],[79.9783,6.46792],[79.97858,6.46671],[79.9788,6.46647],[79.97882,6.46546],[79.97854,6.46461],[79.97884,6.46425],[79.97883,6.46382],[79.97791,6.46387],[79.97802,6.46286],[79.97789,6.46265],[79.97786,6.46158],[79.9773,6.46099],[79.97748,6.46061],[79.978,6.46077],[79.97843,6.4605],[79.97922,6.45906],[79.97977,6.45935],[79.97993,6.45839],[79.97927,6.4585],[79.97828,6.45823],[79.97734,6.45826],[79.9772,6.45815],[79.97716,6.45788],[79.97656,6.45758]]]]}},{"type":"Feature","properties":{"pcode":"LK1324225","gn":"Paranakade","ds":"Beruwala","district":"Kalutara"},"geometry":{"type":"MultiPolygon","coordinates":[[[[79.97173,6.46883],[79.97136,6.46916],[79.97133,6.46964],[79.97152,6.46978],[79.97193,6.46971],[79.97207,6.46943],[79.97201,6.46905],[79.97173,6.46883]]],[[[79.97052,6.47207],[79.97077,6.47219],[79.97093,6.47212],[79.97072,6.47176],[79.97091,6.47139],[79.97089,6.47086],[79.97074,6.47066],[79.97039,6.47057],[79.97032,6.47101],[79.97012,6.4711],[79.97013,6.47141],[79.96998,6.4717],[79.97019,6.47233],[79.97052,6.47207]]],[[[79.97503,6.46702],[79.97454,6.46886],[79.97411,6.46949],[79.97333,6.47016],[79.97334,6.47049],[79.97426,6.4709],[79.97534,6.4719],[79.97562,6.47245],[79.97551,6.47303],[79.97584,6.47305],[79.97599,6.4732],[79.97632,6.47422],[79.97866,6.4761],[79.97958,6.47665],[79.97961,6.47641],[79.97929,6.47528],[79.97959,6.47469],[79.97946,6.47404],[79.97913,6.47369],[79.97847,6.47328],[79.97842,6.47306],[79.97865,6.47262],[79.97949,6.47305],[79.97989,6.47236],[79.98004,6.47231],[79.97968,6.47175],[79.97894,6.47128],[79.97768,6.47114],[79.97766,6.47035],[79.97777,6.46969],[79.97865,6.46841],[79.97811,6.46792],[79.97806,6.46806],[79.97782,6.46807],[79.97759,6.46758],[79.97635,6.46779],[79.97615,6.46761],[79.97604,6.46701],[79.97503,6.46702]]]]}},{"type":"Feature","properties":{"pcode":"LK1236130","gn":"Peliyagoda Gangabada","ds":"Kelaniya","district":"Gampaha"},"geometry":{"type":"Polygon","coordinates":[[[79.883,6.9641],[79.88274,6.96359],[79.8829,6.96175],[79.88205,6.96128],[79.88228,6.96014],[79.8813,6.95944],[79.88309,6.9558],[79.88229,6.9548],[79.8819,6.95502],[79.8806,6.9562],[79.87975,6.95736],[79.87903,6.9588],[79.87848,6.96057],[79.87849,6.96314],[79.87861,6.96378],[79.879,6.96478],[79.88018,6.96627],[79.88206,6.96517],[79.883,6.9641]]]}},{"type":"Feature","properties":{"pcode":"LK1236125","gn":"Peliyagodawatta","ds":"Kelaniya","district":"Gampaha"},"geometry":{"type":"Polygon","coordinates":[[[79.88498,6.97466],[79.88746,6.97363],[79.88746,6.97335],[79.887,6.97291],[79.88658,6.97228],[79.88634,6.97226],[79.8864,6.97202],[79.88617,6.97205],[79.88812,6.97007],[79.88728,6.96895],[79.88716,6.96851],[79.88714,6.96828],[79.88771,6.96756],[79.88751,6.96749],[79.88746,6.9671],[79.8872,6.96754],[79.88679,6.96738],[79.88673,6.96723],[79.88633,6.96701],[79.88611,6.96622],[79.8854,6.96626],[79.88528,6.96601],[79.88331,6.96382],[79.88245,6.96464],[79.88206,6.96517],[79.88018,6.96627],[79.8827,6.96926],[79.88383,6.97112],[79.88454,6.97267],[79.88498,6.97466]]]}},{"type":"Feature","properties":{"pcode":"LK1206395","gn":"Ambalammulla","ds":"Katana","district":"Gampaha"},"geometry":{"type":"Polygon","coordinates":[[[79.8719,7.12051],[79.87395,7.12055],[79.87741,7.12027],[79.87837,7.12044],[79.87846,7.11976],[79.87865,7.11957],[79.87938,7.11928],[79.87962,7.11929],[79.87972,7.11897],[79.88072,7.11909],[79.88075,7.11918],[79.88183,7.11893],[79.88188,7.11661],[79.8821,7.11524],[79.88299,7.11188],[79.88306,7.11093],[79.88275,7.11014],[79.88246,7.10978],[79.8816,7.10929],[79.88046,7.10888],[79.88003,7.10841],[79.87953,7.10756],[79.87908,7.10718],[79.87838,7.10691],[79.87764,7.10699],[79.87684,7.10743],[79.87515,7.10771],[79.87444,7.10769],[79.87276,7.10726],[79.87259,7.10731],[79.87218,7.10766],[79.87171,7.10925],[79.87113,7.10991],[79.87075,7.10989],[79.87048,7.10975],[79.87026,7.10939],[79.86879,7.10838],[79.86824,7.10829],[79.86709,7.10812],[79.86528,7.10859],[79.86464,7.10829],[79.86409,7.10788],[79.86379,7.10787],[79.86343,7.10797],[79.86295,7.10833],[79.86237,7.10834],[79.86175,7.10794],[79.86142,7.10788],[79.8607,7.10828],[79.86045,7.10814],[79.85973,7.10712],[79.85983,7.10674],[79.85955,7.1058],[79.85952,7.10493],[79.85791,7.1034],[79.85726,7.10364],[79.85687,7.10359],[79.85426,7.10451],[79.85331,7.10625],[79.85305,7.10654],[79.85315,7.10672],[79.8529,7.10728],[79.85374,7.10866],[79.85523,7.10884],[79.85637,7.10946],[79.85636,7.1098],[79.85587,7.11019],[79.85584,7.11087],[79.85546,7.11135],[79.85564,7.11198],[79.85608,7.11247],[79.85626,7.11241],[79.8568,7.11155],[79.85737,7.11133],[79.8586,7.11133],[79.85961,7.11232],[79.85932,7.11242],[79.85934,7.11278],[79.85901,7.11273],[79.8588,7.11307],[79.85831,7.11318],[79.8585,7.11334],[79.85859,7.11364],[79.85905,7.11381],[79.85919,7.11433],[79.85877,7.11484],[79.85874,7.11515],[79.85828,7.11581],[79.85821,7.11667],[79.85843,7.11714],[79.85965,7.11779],[79.85989,7.11866],[79.85998,7.12172],[79.86076,7.12202],[79.86109,7.12243],[79.86136,7.12317],[79.86159,7.12339],[79.86164,7.12377],[79.86192,7.12407],[79.86201,7.12526],[79.86239,7.12554],[79.86251,7.12612],[79.86266,7.12615],[79.86295,7.12569],[79.86282,7.12518],[79.86301,7.12363],[79.86276,7.12252],[79.86295,7.12144],[79.86291,7.12093],[79.86279,7.12077],[79.86287,7.12063],[79.86242,7.12],[79.86232,7.11938],[79.86237,7.11861],[79.86223,7.1181],[79.86242,7.11677],[79.86256,7.11633],[79.86267,7.11649],[79.86295,7.11581],[79.86345,7.11525],[79.86357,7.1148],[79.86392,7.11433],[79.8643,7.11407],[79.86462,7.11359],[79.86502,7.11357],[79.86523,7.11334],[79.86515,7.11279],[79.86466,7.11264],[79.86478,7.11233],[79.86501,7.11226],[79.86538,7.11235],[79.86556,7.11193],[79.86574,7.11216],[79.86596,7.11173],[79.86676,7.1128],[79.86652,7.1117],[79.86629,7.11155],[79.86662,7.11108],[79.867,7.11139],[79.8669,7.11165],[79.86707,7.11203],[79.86729,7.11134],[79.86745,7.11136],[79.86798,7.11252],[79.86797,7.11321],[79.86819,7.1133],[79.86797,7.1143],[79.86801,7.11482],[79.86818,7.11513],[79.86835,7.11624],[79.87037,7.11792],[79.87037,7.11812],[79.87063,7.11814],[79.87091,7.11796],[79.87133,7.11836],[79.87169,7.11798],[79.8718,7.11806],[79.87159,7.11847],[79.87122,7.1187],[79.87144,7.11905],[79.8719,7.12051]]]}},{"type":"Feature","properties":{"pcode":"LK1206390","gn":"Udammita South","ds":"Katana","district":"Gampaha"},"geometry":{"type":"Polygon","coordinates":[[[79.89521,7.1116],[79.89538,7.11015],[79.89505,7.11013],[79.89502,7.1104],[79.89478,7.11051],[79.89435,7.11047],[79.89433,7.11015],[79.89455,7.10956],[79.89385,7.10867],[79.89337,7.10782],[79.89289,7.10784],[79.89242,7.10765],[79.89226,7.10781],[79.8914,7.10769],[79.89095,7.10787],[79.89066,7.10782],[79.89052,7.10822],[79.88953,7.10814],[79.88942,7.10781],[79.88897,7.10766],[79.88799,7.10756],[79.88756,7.10779],[79.88703,7.10758],[79.88621,7.10949],[79.88611,7.1102],[79.88563,7.11026],[79.88527,7.11066],[79.88476,7.11071],[79.88408,7.11056],[79.8834,7.11066],[79.88291,7.11052],[79.88306,7.11093],[79.88299,7.11188],[79.8844,7.11223],[79.88568,7.11214],[79.88551,7.11118],[79.88553,7.11087],[79.88573,7.11046],[79.88806,7.11062],[79.88793,7.11141],[79.88839,7.11142],[79.88838,7.11223],[79.88934,7.1125],[79.88953,7.11233],[79.88996,7.11056],[79.89232,7.11061],[79.89334,7.11089],[79.89399,7.11139],[79.89521,7.1116]]]}},{"type":"Feature","properties":{"pcode":"LK1206385","gn":"Alawathupitiya","ds":"Katana","district":"Gampaha"},"geometry":{"type":"Polygon","coordinates":[[[79.88919,7.11246],[79.88838,7.11223],[79.88839,7.11142],[79.88793,7.11141],[79.88806,7.11062],[79.88573,7.11046],[79.88553,7.11087],[79.88551,7.11118],[79.88568,7.11214],[79.8844,7.11223],[79.88299,7.11188],[79.88217,7.11497],[79.88378,7.11526],[79.88508,7.11527],[79.88603,7.11522],[79.88615,7.11496],[79.88673,7.11505],[79.88677,7.11489],[79.88702,7.11492],[79.88698,7.11513],[79.88734,7.11528],[79.88695,7.11636],[79.88726,7.11645],[79.88781,7.11779],[79.88837,7.1184],[79.88889,7.11933],[79.89009,7.12055],[79.89235,7.12078],[79.89227,7.12074],[79.89233,7.12006],[79.89208,7.1195],[79.89158,7.11947],[79.89143,7.11873],[79.89057,7.11802],[79.89026,7.11753],[79.89049,7.11586],[79.89004,7.11488],[79.88946,7.11482],[79.88916,7.11419],[79.88919,7.11246]]]}},{"type":"Feature","properties":{"pcode":"LK1324390","gn":"Kaluwamodara West","ds":"Beruwala","district":"Kalutara"},"geometry":{"type":"Polygon","coordinates":[[[79.99597,6.44507],[79.99897,6.43766],[79.99851,6.43746],[79.99882,6.43671],[79.99707,6.43627],[79.99596,6.43586],[79.99401,6.43543],[79.99299,6.43822],[79.99234,6.43927],[79.99111,6.4406],[79.99188,6.44163],[79.99226,6.44273],[79.99259,6.44245],[79.99284,6.44249],[79.99307,6.44268],[79.99337,6.44275],[79.99365,6.44265],[79.99402,6.4428],[79.99451,6.44352],[79.99597,6.44507]]]}},{"type":"Feature","properties":{"pcode":"LK1303065","gn":"Wattalpola","ds":"Panadura","district":"Kalutara"},"geometry":{"type":"Polygon","coordinates":[[[79.90791,6.7472],[79.9086,6.74526],[79.90856,6.74273],[79.90865,6.74203],[79.9075,6.74161],[79.90778,6.74051],[79.9082,6.74051],[79.90825,6.74029],[79.90873,6.74027],[79.90882,6.73886],[79.90916,6.73795],[79.90867,6.73765],[79.90805,6.73781],[79.90751,6.7377],[79.90741,6.73744],[79.90688,6.73738],[79.90674,6.7374],[79.90672,6.73831],[79.90725,6.73917],[79.90734,6.7397],[79.90726,6.74022],[79.90638,6.74003],[79.90626,6.74104],[79.90652,6.7417],[79.90646,6.74205],[79.9057,6.74212],[79.90522,6.74261],[79.90519,6.74277],[79.90533,6.74286],[79.90529,6.74317],[79.90494,6.74387],[79.90466,6.74513],[79.90409,6.74642],[79.9056,6.74748],[79.90731,6.74755],[79.90761,6.74723],[79.90791,6.7472]]]}},{"type":"Feature","properties":{"pcode":"LK1303060","gn":"Henamulla","ds":"Panadura","district":"Kalutara"},"geometry":{"type":"Polygon","coordinates":[[[79.90397,6.7469],[79.9047,6.745],[79.90311,6.74451],[79.90281,6.74501],[79.90201,6.74467],[79.90179,6.74537],[79.90116,6.7445],[79.90035,6.74519],[79.9002,6.745],[79.89964,6.74473],[79.89962,6.74411],[79.89846,6.74395],[79.89848,6.74385],[79.89706,6.74324],[79.89645,6.74438],[79.89535,6.748],[79.8975,6.74809],[79.89755,6.74798],[79.89844,6.74839],[79.89931,6.74847],[79.89942,6.74857],[79.90057,6.74852],[79.9018,6.74899],[79.90205,6.74807],[79.90236,6.74802],[79.90261,6.74749],[79.90346,6.74746],[79.90369,6.74697],[79.90397,6.7469]]]}},{"type":"Feature","properties":{"pcode":"LK1303055","gn":"Sarikkamulla","ds":"Panadura","district":"Kalutara"},"geometry":{"type":"Polygon","coordinates":[[[79.90471,6.75814],[79.90475,6.75782],[79.90463,6.75762],[79.90485,6.75655],[79.90466,6.75647],[79.90486,6.75584],[79.90475,6.75578],[79.90492,6.75481],[79.90422,6.75476],[79.90394,6.75396],[79.90317,6.75382],[79.90321,6.75332],[79.90285,6.75324],[79.9028,6.75291],[79.90237,6.75301],[79.9016,6.7528],[79.90184,6.7518],[79.90159,6.75168],[79.90161,6.75053],[79.90081,6.75066],[79.90072,6.75087],[79.90023,6.75076],[79.9004,6.75014],[79.89959,6.74996],[79.8986,6.74977],[79.89508,6.74974],[79.89488,6.75101],[79.89464,6.75144],[79.89684,6.75156],[79.89781,6.7524],[79.8981,6.753],[79.89834,6.75388],[79.89787,6.75467],[79.89793,6.75474],[79.89979,6.75517],[79.90191,6.75532],[79.90198,6.75559],[79.90294,6.75567],[79.90293,6.75601],[79.90319,6.75603],[79.90318,6.75588],[79.90415,6.75611],[79.90409,6.75643],[79.9042,6.75648],[79.90398,6.75744],[79.90384,6.75743],[79.90379,6.75762],[79.90361,6.75762],[79.90354,6.75818],[79.90434,6.75836],[79.90471,6.75814]]]}},{"type":"Feature","properties":{"pcode":"LK1303050","gn":"Keselwatta","ds":"Panadura","district":"Kalutara"},"geometry":{"type":"Polygon","coordinates":[[[79.90954,6.75241],[79.90789,6.75167],[79.90704,6.751],[79.90513,6.7507],[79.90523,6.74941],[79.90548,6.74885],[79.90589,6.74899],[79.90613,6.74862],[79.90731,6.74755],[79.9056,6.74748],[79.90409,6.74642],[79.90397,6.7469],[79.90369,6.74697],[79.90346,6.74746],[79.90261,6.74749],[79.90236,6.74802],[79.90205,6.74807],[79.9018,6.74899],[79.90057,6.74852],[79.89942,6.74857],[79.89931,6.74847],[79.89844,6.74839],[79.89755,6.74798],[79.8975,6.74809],[79.89535,6.748],[79.89508,6.74974],[79.8986,6.74977],[79.89959,6.74996],[79.9004,6.75014],[79.90023,6.75076],[79.90072,6.75087],[79.90081,6.75066],[79.90161,6.75053],[79.90159,6.75168],[79.90184,6.7518],[79.9016,6.7528],[79.90237,6.75301],[79.9028,6.75291],[79.90285,6.75324],[79.90321,6.75332],[79.90317,6.75382],[79.90394,6.75396],[79.90422,6.75476],[79.90492,6.75481],[79.90552,6.75509],[79.90571,6.75463],[79.90705,6.75469],[79.90788,6.75495],[79.90805,6.7549],[79.90892,6.7552],[79.90897,6.75602],[79.90916,6.75617],[79.90925,6.75571],[79.90911,6.75507],[79.9092,6.75471],[79.90913,6.75378],[79.90947,6.75314],[79.90954,6.75241]]]}},{"type":"Feature","properties":{"pcode":"LK1303085","gn":"Pallimulla","ds":"Panadura","district":"Kalutara"},"geometry":{"type":"Polygon","coordinates":[[[79.9047,6.745],[79.90494,6.74387],[79.90529,6.74317],[79.90533,6.74286],[79.90509,6.74272],[79.90521,6.74191],[79.90541,6.7419],[79.90551,6.74149],[79.90512,6.74145],[79.9051,6.74114],[79.9042,6.74103],[79.90401,6.74086],[79.90306,6.74063],[79.90287,6.74136],[79.90255,6.74131],[79.90251,6.74096],[79.90184,6.74059],[79.90092,6.74036],[79.90102,6.74004],[79.89979,6.74008],[79.89888,6.73972],[79.89706,6.74324],[79.89848,6.74385],[79.89846,6.74395],[79.89962,6.74411],[79.89964,6.74473],[79.9002,6.745],[79.90035,6.74519],[79.90116,6.7445],[79.90179,6.74537],[79.90201,6.74467],[79.90281,6.74501],[79.90311,6.74451],[79.9047,6.745]]]}},{"type":"Feature","properties":{"pcode":"LK1303080","gn":"Werawatta","ds":"Panadura","district":"Kalutara"},"geometry":{"type":"Polygon","coordinates":[[[79.91175,6.74664],[79.91195,6.74612],[79.91193,6.74481],[79.91179,6.74479],[79.91184,6.74402],[79.91123,6.74389],[79.91056,6.74395],[79.91052,6.74336],[79.91102,6.74163],[79.91146,6.74155],[79.91204,6.74169],[79.91229,6.74116],[79.91282,6.7405],[79.91303,6.74039],[79.91297,6.73953],[79.91275,6.73888],[79.91205,6.73869],[79.91115,6.73872],[79.91019,6.73853],[79.90916,6.73795],[79.90882,6.73886],[79.90873,6.74027],[79.90825,6.74029],[79.9082,6.74051],[79.90778,6.74051],[79.9075,6.74161],[79.90865,6.74203],[79.90856,6.74273],[79.9086,6.74526],[79.90791,6.7472],[79.90828,6.74705],[79.90906,6.74618],[79.91053,6.74597],[79.91098,6.74609],[79.91175,6.74664]]]}},{"type":"Feature","properties":{"pcode":"LK1303095","gn":"Walana North","ds":"Panadura","district":"Kalutara"},"geometry":{"type":"Polygon","coordinates":[[[79.91549,6.74158],[79.91521,6.7414],[79.91517,6.74045],[79.91612,6.73925],[79.91609,6.73876],[79.91586,6.73817],[79.91613,6.73685],[79.91614,6.73611],[79.91526,6.73632],[79.91239,6.73563],[79.90968,6.73474],[79.90832,6.73358],[79.90816,6.73371],[79.90753,6.7337],[79.90603,6.73401],[79.906,6.73431],[79.90581,6.73431],[79.90569,6.73484],[79.90606,6.73612],[79.90578,6.73676],[79.90569,6.7375],[79.90673,6.73758],[79.90674,6.7374],[79.90715,6.7374],[79.90747,6.73748],[79.90751,6.7377],[79.90805,6.73781],[79.90867,6.73765],[79.91019,6.73853],[79.91115,6.73872],[79.91205,6.73869],[79.91275,6.73888],[79.91297,6.73953],[79.91303,6.74039],[79.91282,6.7405],[79.91229,6.74116],[79.91204,6.74169],[79.91222,6.74173],[79.91263,6.74154],[79.91341,6.74168],[79.91341,6.74107],[79.91377,6.74103],[79.91388,6.74135],[79.91438,6.7416],[79.91469,6.74167],[79.91549,6.74158]]]}},{"type":"Feature","properties":{"pcode":"LK1303090","gn":"Gorakapola","ds":"Panadura","district":"Kalutara"},"geometry":{"type":"Polygon","coordinates":[[[79.90673,6.73758],[79.90569,6.7375],[79.90578,6.73676],[79.90595,6.73644],[79.90401,6.73634],[79.90405,6.73611],[79.90369,6.73608],[79.9027,6.73572],[79.902,6.73525],[79.90063,6.7348],[79.89917,6.73913],[79.89888,6.73972],[79.89979,6.74008],[79.90102,6.74004],[79.90092,6.74036],[79.90184,6.74059],[79.90251,6.74096],[79.90255,6.74131],[79.90287,6.74136],[79.90306,6.74063],[79.90401,6.74086],[79.9042,6.74103],[79.9051,6.74114],[79.90512,6.74145],[79.90551,6.74149],[79.90541,6.7419],[79.90521,6.74191],[79.90509,6.74272],[79.90519,6.74277],[79.90551,6.74223],[79.90586,6.74208],[79.90646,6.74205],[79.90652,6.7417],[79.90626,6.74104],[79.90638,6.74003],[79.90726,6.74022],[79.9073,6.7394],[79.90712,6.73888],[79.90672,6.73831],[79.90673,6.73758]]]}},{"type":"Feature","properties":{"pcode":"LK1303005","gn":"Horethuduwa North","ds":"Panadura","district":"Kalutara"},"geometry":{"type":"Polygon","coordinates":[[[79.89648,6.77578],[79.89356,6.77337],[79.89243,6.77304],[79.89191,6.77303],[79.89205,6.77208],[79.89129,6.77202],[79.8908,6.77179],[79.88991,6.77163],[79.88772,6.77012],[79.88678,6.77137],[79.88631,6.77253],[79.88663,6.77376],[79.88755,6.77494],[79.88817,6.77535],[79.88892,6.77617],[79.89021,6.77694],[79.89157,6.77725],[79.89341,6.77745],[79.89471,6.77707],[79.89614,6.77623],[79.89648,6.77578]]]}},{"type":"Feature","properties":{"pcode":"LK1303025","gn":"Gorakana","ds":"Panadura","district":"Kalutara"},"geometry":{"type":"Polygon","coordinates":[[[79.90353,6.76973],[79.9056,6.76807],[79.9048,6.76187],[79.90455,6.76108],[79.90232,6.76098],[79.90231,6.75989],[79.90192,6.75943],[79.90151,6.75948],[79.90142,6.75795],[79.90048,6.75788],[79.90007,6.7577],[79.8974,6.75725],[79.89767,6.75753],[79.89776,6.7579],[79.8973,6.75962],[79.89596,6.76136],[79.89539,6.76157],[79.89486,6.76157],[79.894,6.76139],[79.893,6.76098],[79.89312,6.76244],[79.89301,6.76337],[79.89442,6.76387],[79.89548,6.7644],[79.89559,6.7643],[79.89905,6.76618],[79.90353,6.76973]]]}},{"type":"Feature","properties":{"pcode":"LK1303020","gn":"Horethuduwa South","ds":"Panadura","district":"Kalutara"},"geometry":{"type":"Polygon","coordinates":[[[79.90353,6.76973],[79.89905,6.76618],[79.89559,6.7643],[79.89548,6.7644],[79.89442,6.76387],[79.89301,6.76337],[79.89294,6.76393],[79.89245,6.76527],[79.892,6.76597],[79.8914,6.76661],[79.89412,6.7681],[79.8942,6.76803],[79.89497,6.76832],[79.89508,6.76815],[79.89627,6.76836],[79.89634,6.76811],[79.89712,6.76818],[79.89715,6.76863],[79.89738,6.76877],[79.89738,6.76959],[79.89701,6.77002],[79.89705,6.77021],[79.89736,6.77027],[79.89756,6.77005],[79.89817,6.77013],[79.89996,6.77101],[79.90087,6.77165],[79.90217,6.77087],[79.90353,6.76973]]]}},{"type":"Feature","properties":{"pcode":"LK1303015","gn":"Horethuduwa Central","ds":"Panadura","district":"Kalutara"},"geometry":{"type":"Polygon","coordinates":[[[79.90087,6.77165],[79.89996,6.77101],[79.89817,6.77013],[79.89756,6.77005],[79.89736,6.77027],[79.89705,6.77021],[79.89701,6.77002],[79.89738,6.76959],[79.89738,6.76877],[79.89715,6.76863],[79.89712,6.76818],[79.89634,6.76811],[79.89627,6.76836],[79.89508,6.76815],[79.89497,6.76832],[79.8942,6.76803],[79.89412,6.7681],[79.8914,6.76661],[79.88899,6.76893],[79.88992,6.76964],[79.89125,6.77017],[79.89156,6.76985],[79.89195,6.76993],[79.89195,6.76977],[79.89258,6.76996],[79.89446,6.7701],[79.89446,6.7703],[79.89483,6.7703],[79.89487,6.77063],[79.89457,6.77061],[79.89459,6.77075],[79.8951,6.77087],[79.89511,6.77115],[79.89539,6.77118],[79.89542,6.7714],[79.89567,6.77143],[79.89572,6.77019],[79.89677,6.7703],[79.89936,6.77218],[79.89977,6.77265],[79.90087,6.77165]]]}},{"type":"Feature","properties":{"pcode":"LK1303010","gn":"Horethuduwa","ds":"Panadura","district":"Kalutara"},"geometry":{"type":"Polygon","coordinates":[[[79.89727,6.7747],[79.89903,6.77373],[79.89944,6.77295],[79.89977,6.77265],[79.89936,6.77218],[79.89677,6.7703],[79.89572,6.77019],[79.89567,6.77143],[79.89542,6.7714],[79.89539,6.77118],[79.89511,6.77115],[79.8951,6.77087],[79.89459,6.77075],[79.89457,6.77061],[79.89487,6.77063],[79.89483,6.7703],[79.89446,6.7703],[79.89446,6.7701],[79.89258,6.76996],[79.89195,6.76977],[79.89195,6.76993],[79.89156,6.76985],[79.89125,6.77017],[79.88992,6.76964],[79.88899,6.76893],[79.88772,6.77012],[79.88991,6.77163],[79.8908,6.77179],[79.89129,6.77202],[79.89205,6.77208],[79.89191,6.77303],[79.89243,6.77304],[79.89356,6.77337],[79.89648,6.77578],[79.89727,6.7747]]]}},{"type":"Feature","properties":{"pcode":"LK1303030","gn":"Gorakana South","ds":"Panadura","district":"Kalutara"},"geometry":{"type":"Polygon","coordinates":[[[79.91127,6.76571],[79.91063,6.76394],[79.91068,6.76356],[79.91088,6.76335],[79.91111,6.76199],[79.91072,6.7617],[79.91015,6.76087],[79.90982,6.76064],[79.90925,6.76129],[79.90847,6.76065],[79.90757,6.76066],[79.90757,6.76042],[79.90641,6.75981],[79.90644,6.75973],[79.90613,6.75951],[79.90644,6.75889],[79.90591,6.75868],[79.90597,6.75859],[79.90487,6.75811],[79.90458,6.75816],[79.90434,6.75836],[79.90354,6.75818],[79.90361,6.75762],[79.90379,6.75762],[79.90384,6.75743],[79.90398,6.75744],[79.9042,6.75648],[79.90409,6.75643],[79.90415,6.75611],[79.90318,6.75588],[79.90319,6.75603],[79.90293,6.75601],[79.90294,6.75567],[79.90198,6.75559],[79.90191,6.75532],[79.89979,6.75517],[79.89793,6.75474],[79.89787,6.75467],[79.89834,6.75388],[79.8981,6.753],[79.89781,6.7524],[79.89684,6.75156],[79.89464,6.75144],[79.8936,6.7529],[79.893,6.75454],[79.89282,6.75565],[79.89273,6.75835],[79.893,6.76098],[79.894,6.76139],[79.89486,6.76157],[79.89539,6.76157],[79.89596,6.76136],[79.8973,6.75962],[79.89776,6.7579],[79.89767,6.75753],[79.8974,6.75725],[79.90007,6.7577],[79.90048,6.75788],[79.90134,6.75791],[79.90142,6.75795],[79.90151,6.75948],[79.90192,6.75943],[79.90231,6.75989],[79.90232,6.76098],[79.90455,6.76108],[79.9048,6.76187],[79.9056,6.76807],[79.9102,6.76601],[79.91127,6.76571]]]}},{"type":"Feature","properties":{"pcode":"LK1303225","gn":"Wekada East","ds":"Panadura","district":"Kalutara"},"geometry":{"type":"MultiPolygon","coordinates":[[[[79.92367,6.71463],[79.92562,6.71215],[79.92551,6.71201],[79.92566,6.71178],[79.92551,6.71134],[79.92532,6.71142],[79.92476,6.71135],[79.92445,6.71112],[79.92426,6.71081],[79.92433,6.70996],[79.92422,6.70953],[79.92357,6.70973],[79.92324,6.70962],[79.9229,6.70967],[79.92287,6.71015],[79.92243,6.71015],[79.92234,6.71036],[79.92186,6.71025],[79.92136,6.71053],[79.92172,6.71139],[79.92172,6.71182],[79.92091,6.71171],[79.92092,6.71141],[79.92045,6.7113],[79.92028,6.71164],[79.92028,6.71193],[79.9199,6.71193],[79.9198,6.71215],[79.91956,6.71213],[79.92104,6.713],[79.92208,6.7138],[79.92367,6.71463]]],[[[79.92494,6.70814],[79.92564,6.70656],[79.92537,6.7058],[79.92153,6.70571],[79.92137,6.70591],[79.92031,6.70576],[79.9199,6.70588],[79.91979,6.70617],[79.9194,6.7065],[79.91906,6.706],[79.91894,6.70603],[79.9188,6.70619],[79.9185,6.70623],[79.91848,6.70638],[79.91781,6.70656],[79.91747,6.70735],[79.91725,6.70741],[79.91681,6.70788],[79.91682,6.70822],[79.91852,6.70866],[79.91879,6.70888],[79.91945,6.70906],[79.91994,6.70901],[79.91997,6.70892],[79.92102,6.70887],[79.92108,6.70895],[79.92168,6.70879],[79.92262,6.70874],[79.92375,6.70798],[79.92494,6.70814]]]]}},{"type":"Feature","properties":{"pcode":"LK1303215","gn":"Walapala","ds":"Panadura","district":"Kalutara"},"geometry":{"type":"Polygon","coordinates":[[[79.92615,6.71845],[79.92373,6.71627],[79.92313,6.71551],[79.92194,6.71438],[79.92084,6.71359],[79.91869,6.7127],[79.91854,6.71295],[79.91737,6.71284],[79.91696,6.71322],[79.91702,6.71338],[79.91742,6.71333],[79.91778,6.71347],[79.91816,6.71443],[79.91802,6.71501],[79.91883,6.7152],[79.91837,6.71619],[79.91696,6.71576],[79.91482,6.71587],[79.91422,6.71533],[79.91349,6.71502],[79.91329,6.7155],[79.9141,6.71568],[79.91401,6.71655],[79.91431,6.7166],[79.91502,6.71706],[79.91602,6.71714],[79.91614,6.717],[79.91782,6.71692],[79.9191,6.71702],[79.91929,6.71681],[79.91952,6.71676],[79.91954,6.71687],[79.91976,6.71693],[79.91989,6.71684],[79.92016,6.71689],[79.9203,6.71705],[79.92026,6.71726],[79.9206,6.71836],[79.9209,6.71833],[79.92212,6.71857],[79.92292,6.71845],[79.92363,6.71866],[79.92385,6.71874],[79.92381,6.71914],[79.92422,6.71954],[79.92457,6.71969],[79.92508,6.71935],[79.92546,6.71934],[79.92559,6.71893],[79.92615,6.71845]]]}},{"type":"Feature","properties":{"pcode":"LK1303210","gn":"Walapala Pattiya","ds":"Panadura","district":"Kalutara"},"geometry":{"type":"Polygon","coordinates":[[[79.91285,6.71655],[79.91349,6.71502],[79.91422,6.71533],[79.91482,6.71587],[79.91696,6.71576],[79.91837,6.71619],[79.91883,6.7152],[79.91802,6.71501],[79.91816,6.71443],[79.91778,6.71347],[79.91742,6.71333],[79.91702,6.71338],[79.91696,6.71322],[79.91618,6.71427],[79.91525,6.71351],[79.91478,6.71408],[79.91388,6.71344],[79.91398,6.71323],[79.91338,6.71302],[79.91361,6.71371],[79.9134,6.7139],[79.91284,6.71398],[79.91236,6.71389],[79.9124,6.7135],[79.91202,6.71342],[79.91202,6.71322],[79.91173,6.7132],[79.91155,6.71333],[79.91085,6.71327],[79.91076,6.71336],[79.91073,6.71377],[79.91058,6.71376],[79.91056,6.71428],[79.91079,6.71429],[79.91077,6.71461],[79.91056,6.71471],[79.91064,6.71579],[79.91079,6.7159],[79.91082,6.71631],[79.91154,6.71615],[79.91169,6.71691],[79.91227,6.71694],[79.9123,6.71658],[79.91285,6.71655]]]}},{"type":"Feature","properties":{"pcode":"LK1303245","gn":"Uyankele","ds":"Panadura","district":"Kalutara"},"geometry":{"type":"Polygon","coordinates":[[[79.90708,6.70066],[79.90668,6.70166],[79.90537,6.70359],[79.90398,6.70638],[79.90483,6.70671],[79.90479,6.70695],[79.90514,6.70707],[79.90842,6.70793],[79.90898,6.70592],[79.91073,6.70216],[79.91161,6.70124],[79.91117,6.70112],[79.91098,6.70134],[79.90775,6.70063],[79.90762,6.70083],[79.90708,6.70066]]]}},{"type":"Feature","properties":{"pcode":"LK1303240","gn":"Pattiya","ds":"Panadura","district":"Kalutara"},"geometry":{"type":"Polygon","coordinates":[[[79.90397,6.70639],[79.90324,6.70832],[79.90249,6.70964],[79.90228,6.71022],[79.90629,6.71108],[79.90631,6.71087],[79.90649,6.71082],[79.90654,6.71053],[79.90734,6.71069],[79.90729,6.71079],[79.90745,6.71083],[79.90754,6.71032],[79.90842,6.70793],[79.90514,6.70707],[79.90479,6.70695],[79.90483,6.70671],[79.90397,6.70639]]]}},{"type":"Feature","properties":{"pcode":"LK1303235","gn":"Wekada West","ds":"Panadura","district":"Kalutara"},"geometry":{"type":"Polygon","coordinates":[[[79.92485,6.7086],[79.92495,6.70815],[79.92375,6.70798],[79.92262,6.70874],[79.92168,6.70879],[79.92108,6.70895],[79.92102,6.70887],[79.91997,6.70892],[79.91994,6.70901],[79.91945,6.70906],[79.919,6.70897],[79.91852,6.70866],[79.91682,6.70822],[79.91681,6.70788],[79.91703,6.70759],[79.91636,6.70715],[79.91664,6.70577],[79.91496,6.7053],[79.91476,6.70577],[79.91419,6.70558],[79.91399,6.70572],[79.91319,6.70542],[79.91259,6.70721],[79.91216,6.70792],[79.91169,6.70908],[79.91085,6.70982],[79.91032,6.71006],[79.90945,6.71067],[79.91007,6.71193],[79.91063,6.71238],[79.9114,6.7125],[79.91147,6.71245],[79.9114,6.71236],[79.91165,6.71212],[79.91206,6.71208],[79.91233,6.7121],[79.91236,6.71242],[79.91276,6.71239],[79.91285,6.71178],[79.91318,6.71172],[79.91322,6.71151],[79.91415,6.71151],[79.91438,6.7114],[79.91459,6.71103],[79.91496,6.71108],[79.9153,6.71088],[79.91566,6.71089],[79.91569,6.71056],[79.91589,6.71027],[79.91567,6.70976],[79.91588,6.70967],[79.91749,6.70946],[79.91948,6.7095],[79.92075,6.70967],[79.92211,6.70947],[79.92369,6.70831],[79.92419,6.70827],[79.92485,6.7086]]]}},{"type":"Feature","properties":{"pcode":"LK1303230","gn":"Wekada North","ds":"Panadura","district":"Kalutara"},"geometry":{"type":"Polygon","coordinates":[[[79.91618,6.71427],[79.91758,6.71258],[79.91804,6.71128],[79.91854,6.71159],[79.91862,6.7115],[79.91896,6.71166],[79.91956,6.71213],[79.9198,6.71215],[79.9199,6.71193],[79.92028,6.71193],[79.92028,6.71164],[79.92045,6.7113],[79.92092,6.71141],[79.92091,6.71171],[79.92172,6.71182],[79.92172,6.71139],[79.92136,6.71053],[79.92186,6.71025],[79.92234,6.71036],[79.92243,6.71015],[79.92287,6.71015],[79.9229,6.70967],[79.92324,6.70962],[79.92357,6.70973],[79.92422,6.70953],[79.92419,6.70926],[79.92475,6.70902],[79.92485,6.7086],[79.92419,6.70827],[79.92369,6.70831],[79.92211,6.70947],[79.92075,6.70967],[79.91948,6.7095],[79.91749,6.70946],[79.91588,6.70967],[79.91567,6.70976],[79.91589,6.71027],[79.91569,6.71056],[79.91566,6.71089],[79.9153,6.71088],[79.91496,6.71108],[79.91459,6.71103],[79.91438,6.7114],[79.91415,6.71151],[79.91322,6.71151],[79.91318,6.71172],[79.91285,6.71178],[79.91276,6.71239],[79.91236,6.71242],[79.91233,6.7121],[79.91206,6.71208],[79.91165,6.71212],[79.9114,6.71236],[79.91147,6.71245],[79.9114,6.7125],[79.91063,6.71238],[79.91008,6.71192],[79.90975,6.71291],[79.91056,6.71324],[79.91155,6.71333],[79.91173,6.7132],[79.91202,6.71322],[79.91202,6.71342],[79.9124,6.7135],[79.91236,6.71389],[79.91284,6.71398],[79.9134,6.7139],[79.91361,6.71371],[79.91338,6.71302],[79.91398,6.71323],[79.91388,6.71344],[79.91478,6.71408],[79.91525,6.71351],[79.91618,6.71427]]]}},{"type":"Feature","properties":{"pcode":"LK1303265","gn":"Moravinna","ds":"Panadura","district":"Kalutara"},"geometry":{"type":"Polygon","coordinates":[[[79.92049,6.70577],[79.92014,6.70492],[79.92012,6.70464],[79.92066,6.70361],[79.92097,6.70271],[79.92144,6.70218],[79.92104,6.70181],[79.92129,6.70123],[79.92104,6.70111],[79.92109,6.70076],[79.9212,6.70072],[79.92107,6.70053],[79.92013,6.70026],[79.9202,6.70015],[79.9178,6.69847],[79.91706,6.69896],[79.91635,6.69971],[79.91589,6.70001],[79.9155,6.70065],[79.9146,6.70129],[79.91432,6.70244],[79.9135,6.70475],[79.91664,6.70577],[79.91636,6.70715],[79.91703,6.70759],[79.91747,6.70735],[79.91781,6.70656],[79.91816,6.70652],[79.91848,6.70638],[79.9185,6.70623],[79.9188,6.70619],[79.91906,6.706],[79.9194,6.7065],[79.91979,6.70617],[79.9199,6.70588],[79.92049,6.70577]]]}},{"type":"Feature","properties":{"pcode":"LK1303255","gn":"Kaludewala","ds":"Panadura","district":"Kalutara"},"geometry":{"type":"Polygon","coordinates":[[[79.92673,6.70675],[79.92696,6.70533],[79.92742,6.704],[79.92743,6.70175],[79.92788,6.70125],[79.92821,6.70047],[79.92834,6.70004],[79.92827,6.69965],[79.92644,6.70024],[79.92354,6.70079],[79.92272,6.70122],[79.92166,6.70197],[79.92102,6.70264],[79.92012,6.70464],[79.92014,6.70492],[79.92049,6.70577],[79.92137,6.70591],[79.92153,6.70571],[79.92537,6.7058],[79.92561,6.70654],[79.92673,6.70675]]]}},{"type":"Feature","properties":{"pcode":"LK1303250","gn":"Pattiya South","ds":"Panadura","district":"Kalutara"},"geometry":{"type":"Polygon","coordinates":[[[79.91496,6.7053],[79.9135,6.70475],[79.91432,6.70227],[79.91233,6.70144],[79.91184,6.70109],[79.91138,6.70139],[79.91073,6.70216],[79.90898,6.70592],[79.9081,6.70895],[79.90753,6.71034],[79.90745,6.71083],[79.90784,6.71085],[79.90774,6.7112],[79.90848,6.71133],[79.90886,6.71156],[79.9099,6.71159],[79.90945,6.71067],[79.91032,6.71006],[79.91085,6.70982],[79.91169,6.70908],[79.91216,6.70792],[79.91259,6.70721],[79.91319,6.70542],[79.91399,6.70572],[79.91419,6.70558],[79.91476,6.70577],[79.91496,6.7053]]]}},{"type":"Feature","properties":{"pcode":"LK1303285","gn":"Dibbedda North","ds":"Panadura","district":"Kalutara"},"geometry":{"type":"Polygon","coordinates":[[[79.93003,6.69912],[79.93046,6.69863],[79.93054,6.69787],[79.93111,6.6966],[79.93148,6.6953],[79.93079,6.69498],[79.93037,6.69499],[79.93015,6.69471],[79.92976,6.69451],[79.92893,6.69425],[79.92853,6.69432],[79.92789,6.69414],[79.92771,6.69402],[79.92766,6.6937],[79.92575,6.69256],[79.92534,6.69246],[79.92398,6.69158],[79.9231,6.69299],[79.92283,6.69373],[79.92239,6.6943],[79.92114,6.69508],[79.92011,6.69666],[79.91917,6.69709],[79.91869,6.6975],[79.92136,6.69888],[79.92368,6.69914],[79.92408,6.69894],[79.92577,6.69892],[79.92678,6.69843],[79.92838,6.69839],[79.92918,6.69843],[79.92938,6.69873],[79.93003,6.69912]]]}},{"type":"Feature","properties":{"pcode":"LK1303280","gn":"Dibbedda","ds":"Panadura","district":"Kalutara"},"geometry":{"type":"Polygon","coordinates":[[[79.92644,6.70024],[79.93003,6.69912],[79.92938,6.69873],[79.92918,6.69843],[79.92838,6.69839],[79.92678,6.69843],[79.92577,6.69892],[79.92408,6.69894],[79.92368,6.69914],[79.92136,6.69888],[79.91869,6.6975],[79.9182,6.6982],[79.9178,6.69847],[79.9202,6.70015],[79.92013,6.70026],[79.92111,6.70056],[79.9212,6.70072],[79.92109,6.70076],[79.92104,6.70111],[79.92129,6.70123],[79.92104,6.70181],[79.92144,6.70218],[79.92265,6.70127],[79.9235,6.7008],[79.92644,6.70024]]]}},{"type":"Feature","properties":{"pcode":"LK1303275","gn":"Nallooruwa","ds":"Panadura","district":"Kalutara"},"geometry":{"type":"Polygon","coordinates":[[[79.91141,6.69264],[79.90919,6.69656],[79.91317,6.69777],[79.91292,6.6986],[79.91365,6.69879],[79.91463,6.69952],[79.91581,6.70011],[79.91725,6.69881],[79.91818,6.69822],[79.91893,6.69726],[79.92011,6.69666],[79.92114,6.69508],[79.9224,6.69429],[79.92283,6.69371],[79.92318,6.69286],[79.92192,6.69377],[79.92054,6.69422],[79.91989,6.69425],[79.91951,6.69384],[79.91933,6.69452],[79.91906,6.69505],[79.91859,6.69482],[79.91894,6.69355],[79.91737,6.6933],[79.91603,6.69276],[79.91513,6.69223],[79.91452,6.69414],[79.91212,6.69329],[79.91215,6.69318],[79.91168,6.69281],[79.91141,6.69264]]]}},{"type":"Feature","properties":{"pcode":"LK1303270","gn":"Nallooruwa North","ds":"Panadura","district":"Kalutara"},"geometry":{"type":"Polygon","coordinates":[[[79.90919,6.69657],[79.9078,6.69886],[79.90746,6.6999],[79.90709,6.70063],[79.90762,6.70083],[79.90775,6.70063],[79.91098,6.70134],[79.91117,6.70112],[79.91161,6.70124],[79.91184,6.70109],[79.91233,6.70144],[79.91432,6.70227],[79.9146,6.70129],[79.91556,6.7006],[79.91581,6.70011],[79.91463,6.69952],[79.91365,6.69879],[79.91292,6.6986],[79.91317,6.69777],[79.90919,6.69657]]]}},{"type":"Feature","properties":{"pcode":"LK1303145","gn":"Walana","ds":"Panadura","district":"Kalutara"},"geometry":{"type":"Polygon","coordinates":[[[79.9057,6.735],[79.90593,6.73352],[79.90674,6.73157],[79.90684,6.7314],[79.90753,6.73151],[79.90759,6.73087],[79.90777,6.73061],[79.90807,6.73045],[79.90803,6.72944],[79.90813,6.72925],[79.90896,6.7289],[79.90943,6.72898],[79.9096,6.72886],[79.90992,6.72782],[79.91022,6.72767],[79.91049,6.72772],[79.91092,6.72758],[79.91161,6.72754],[79.91183,6.72764],[79.91193,6.72743],[79.91255,6.72702],[79.91448,6.72743],[79.91451,6.72735],[79.91482,6.72738],[79.91558,6.72679],[79.91587,6.72679],[79.916,6.72619],[79.91512,6.72589],[79.91474,6.72564],[79.91408,6.72443],[79.91358,6.7246],[79.9135,6.72479],[79.9131,6.72487],[79.91302,6.72469],[79.91311,6.7244],[79.91295,6.72428],[79.91266,6.72494],[79.91211,6.72482],[79.91143,6.72528],[79.91132,6.7251],[79.91092,6.7249],[79.91066,6.72506],[79.91052,6.72539],[79.91032,6.72551],[79.90933,6.7254],[79.90902,6.72525],[79.90871,6.7258],[79.90744,6.72527],[79.90606,6.72494],[79.90589,6.72533],[79.9057,6.72543],[79.90318,6.72478],[79.90257,6.72789],[79.90166,6.73162],[79.90063,6.7348],[79.902,6.73525],[79.9027,6.73572],[79.90369,6.73608],[79.90405,6.73611],[79.90401,6.73634],[79.90595,6.73644],[79.90602,6.73587],[79.9057,6.735]]]}},{"type":"Feature","properties":{"pcode":"LK1303140","gn":"Walana South","ds":"Panadura","district":"Kalutara"},"geometry":{"type":"Polygon","coordinates":[[[79.91405,6.72893],[79.91453,6.72848],[79.91462,6.72825],[79.91458,6.72804],[79.91388,6.7274],[79.91389,6.72727],[79.91326,6.72723],[79.91326,6.72713],[79.91255,6.72702],[79.91193,6.72743],[79.91183,6.72764],[79.91161,6.72754],[79.91092,6.72758],[79.91049,6.72772],[79.91022,6.72767],[79.90992,6.72782],[79.9096,6.72886],[79.90943,6.72898],[79.90896,6.7289],[79.90813,6.72925],[79.90803,6.72944],[79.90807,6.73045],[79.90777,6.73061],[79.90759,6.73087],[79.90753,6.73151],[79.90684,6.7314],[79.90674,6.73157],[79.90593,6.73352],[79.90578,6.73428],[79.906,6.73431],[79.9061,6.73398],[79.90753,6.7337],[79.90816,6.73371],[79.90832,6.73358],[79.90968,6.73474],[79.91217,6.73555],[79.91243,6.73191],[79.91214,6.73108],[79.91212,6.73032],[79.9124,6.73022],[79.91234,6.72959],[79.91256,6.72944],[79.91355,6.72923],[79.91359,6.72898],[79.91405,6.72893]]]}},{"type":"Feature","properties":{"pcode":"LK1321055","gn":"Pothupitiya East","ds":"Kalutara","district":"Kalutara"},"geometry":{"type":"Polygon","coordinates":[[[79.95576,6.64927],[79.95583,6.64904],[79.9561,6.649],[79.95654,6.64812],[79.95714,6.648],[79.95707,6.64767],[79.95763,6.64762],[79.9576,6.64719],[79.95776,6.64694],[79.95636,6.64693],[79.95545,6.64718],[79.954,6.64722],[79.94872,6.64661],[79.94892,6.64475],[79.94887,6.64327],[79.94924,6.64221],[79.9494,6.64123],[79.94984,6.64085],[79.95068,6.64046],[79.95114,6.63834],[79.9498,6.639],[79.94795,6.6396],[79.94748,6.63963],[79.94667,6.64029],[79.94581,6.64037],[79.94468,6.64088],[79.94391,6.64076],[79.94339,6.64082],[79.94292,6.64065],[79.94286,6.64077],[79.94245,6.64091],[79.94221,6.64184],[79.94203,6.64202],[79.94127,6.64225],[79.9405,6.64275],[79.94007,6.64288],[79.93945,6.64277],[79.93899,6.64254],[79.93858,6.64328],[79.93914,6.64347],[79.93992,6.64311],[79.94037,6.64308],[79.94056,6.64335],[79.94068,6.64336],[79.9408,6.6432],[79.94251,6.64527],[79.94342,6.64534],[79.94654,6.64621],[79.94781,6.64639],[79.94788,6.64719],[79.9476,6.64742],[79.94704,6.64849],[79.94799,6.64832],[79.94831,6.64838],[79.94776,6.64998],[79.94854,6.65104],[79.94929,6.653],[79.94993,6.65324],[79.95066,6.65387],[79.95133,6.65426],[79.95179,6.65522],[79.95265,6.65489],[79.95357,6.65491],[79.954,6.65473],[79.95487,6.65359],[79.95547,6.65307],[79.95534,6.65271],[79.95499,6.65226],[79.95472,6.64981],[79.95499,6.64955],[79.95576,6.64927]]]}},{"type":"Feature","properties":{"pcode":"LK1321050","gn":"Pohoddaramulla East","ds":"Kalutara","district":"Kalutara"},"geometry":{"type":"Polygon","coordinates":[[[79.94704,6.64849],[79.9476,6.64742],[79.94788,6.64719],[79.94781,6.64639],[79.94654,6.64621],[79.94342,6.64534],[79.94251,6.64527],[79.9421,6.64488],[79.94186,6.64443],[79.94104,6.64355],[79.94089,6.64325],[79.9408,6.6432],[79.94068,6.64336],[79.94056,6.64335],[79.94047,6.64313],[79.94002,6.64309],[79.93914,6.64347],[79.93858,6.64328],[79.93818,6.64434],[79.93671,6.64663],[79.93657,6.6472],[79.93661,6.64858],[79.93621,6.64959],[79.93809,6.65016],[79.93895,6.65019],[79.93941,6.65009],[79.9404,6.65049],[79.94057,6.65025],[79.94148,6.6504],[79.94231,6.65069],[79.94261,6.65062],[79.94315,6.65003],[79.94361,6.65001],[79.94385,6.65029],[79.94493,6.65044],[79.94514,6.64993],[79.9451,6.64947],[79.94529,6.64921],[79.94528,6.64879],[79.94704,6.64849]]]}},{"type":"Feature","properties":{"pcode":"LK1321045","gn":"Pohoddaramulla West","ds":"Kalutara","district":"Kalutara"},"geometry":{"type":"Polygon","coordinates":[[[79.93436,6.64298],[79.93179,6.6498],[79.93361,6.65049],[79.93408,6.65083],[79.93453,6.64973],[79.93526,6.64999],[79.93534,6.64958],[79.93624,6.64968],[79.93661,6.64858],[79.93657,6.6472],[79.93671,6.64663],[79.93818,6.64434],[79.93853,6.64344],[79.93725,6.64286],[79.93663,6.64276],[79.93644,6.64332],[79.93436,6.64298]]]}},{"type":"Feature","properties":{"pcode":"LK1321040","gn":"Habaralagahalanda","ds":"Kalutara","district":"Kalutara"},"geometry":{"type":"Polygon","coordinates":[[[79.95043,6.65623],[79.95004,6.65598],[79.94975,6.65648],[79.94933,6.65643],[79.94888,6.65663],[79.94566,6.65469],[79.94464,6.65451],[79.94431,6.65453],[79.94423,6.65494],[79.94389,6.65515],[79.94279,6.65502],[79.94324,6.65687],[79.94333,6.65758],[79.94322,6.65793],[79.94338,6.65791],[79.94353,6.65903],[79.94327,6.65948],[79.94282,6.6608],[79.94266,6.66091],[79.94271,6.66111],[79.9423,6.66228],[79.94211,6.66238],[79.94222,6.66254],[79.94204,6.66314],[79.94177,6.6635],[79.94103,6.66541],[79.94082,6.6665],[79.94081,6.66771],[79.94195,6.66752],[79.94402,6.66662],[79.94846,6.6651],[79.9485,6.66549],[79.94876,6.66588],[79.94904,6.6659],[79.94932,6.66521],[79.94939,6.66436],[79.94949,6.66425],[79.94945,6.66358],[79.94957,6.66266],[79.9499,6.66271],[79.94995,6.6629],[79.95048,6.66314],[79.95138,6.66321],[79.95213,6.66162],[79.95215,6.66069],[79.95173,6.65951],[79.95177,6.65896],[79.95043,6.65733],[79.95031,6.65711],[79.95047,6.65697],[79.95043,6.65623]]]}},{"type":"Feature","properties":{"pcode":"LK1103095","gn":"Khettarama","ds":"Colombo","district":"Colombo"},"geometry":{"type":"Polygon","coordinates":[[[79.87336,6.94013],[79.87302,6.93939],[79.87272,6.93904],[79.87263,6.93871],[79.87283,6.93849],[79.87258,6.9377],[79.87221,6.9368],[79.87173,6.93602],[79.87164,6.9354],[79.87176,6.93419],[79.87127,6.93386],[79.87127,6.93367],[79.87092,6.93357],[79.86971,6.93486],[79.86597,6.93443],[79.86617,6.93504],[79.86633,6.93633],[79.86804,6.93746],[79.86884,6.93773],[79.86907,6.93795],[79.87023,6.93931],[79.8708,6.94096],[79.87135,6.94189],[79.87199,6.942],[79.87336,6.94013]]]}},{"type":"Feature","properties":{"pcode":"LK1303150","gn":"Udahamulla","ds":"Panadura","district":"Kalutara"},"geometry":{"type":"Polygon","coordinates":[[[79.91724,6.72396],[79.91759,6.72321],[79.9175,6.72281],[79.91736,6.72279],[79.91723,6.72185],[79.91709,6.72165],[79.91642,6.72137],[79.91656,6.72108],[79.9164,6.72087],[79.9161,6.72094],[79.91558,6.71958],[79.91534,6.71943],[79.91499,6.71964],[79.9147,6.71967],[79.91451,6.71948],[79.91386,6.71974],[79.91332,6.71971],[79.91253,6.7194],[79.91209,6.71949],[79.91128,6.71931],[79.91082,6.72016],[79.91075,6.72052],[79.91064,6.72052],[79.9106,6.72136],[79.91,6.72157],[79.90929,6.72151],[79.90931,6.72164],[79.90874,6.72254],[79.90884,6.7237],[79.90907,6.72473],[79.90902,6.72525],[79.90933,6.7254],[79.91032,6.72551],[79.91052,6.72539],[79.91066,6.72506],[79.91092,6.7249],[79.91132,6.7251],[79.91143,6.72528],[79.91211,6.72482],[79.91266,6.72494],[79.91295,6.72428],[79.91311,6.7244],[79.91302,6.72469],[79.9131,6.72487],[79.9135,6.72479],[79.91358,6.7246],[79.91408,6.72443],[79.91457,6.72536],[79.9157,6.72557],[79.91587,6.72478],[79.91668,6.72452],[79.91678,6.72409],[79.91724,6.72396]]]}},{"type":"Feature","properties":{"pcode":"LK1303185","gn":"Pattiya North","ds":"Panadura","district":"Kalutara"},"geometry":{"type":"Polygon","coordinates":[[[79.90902,6.72525],[79.90907,6.72473],[79.90884,6.7237],[79.90874,6.72254],[79.90931,6.72164],[79.90929,6.72152],[79.90738,6.72136],[79.90774,6.71815],[79.90526,6.71813],[79.9039,6.71844],[79.90389,6.72036],[79.90318,6.72478],[79.9057,6.72543],[79.90589,6.72533],[79.90606,6.72494],[79.90744,6.72527],[79.90871,6.7258],[79.90902,6.72525]]]}},{"type":"Feature","properties":{"pcode":"LK1303180","gn":"Etambagoda","ds":"Panadura","district":"Kalutara"},"geometry":{"type":"Polygon","coordinates":[[[79.92061,6.71836],[79.92026,6.71726],[79.9203,6.71705],[79.92,6.71684],[79.91976,6.71693],[79.91954,6.71687],[79.91952,6.71676],[79.91929,6.71681],[79.9191,6.71702],[79.91782,6.71692],[79.91614,6.717],[79.91602,6.71714],[79.91502,6.71706],[79.91431,6.7166],[79.91401,6.71655],[79.9141,6.71568],[79.91329,6.7155],[79.91285,6.71655],[79.9123,6.71658],[79.91227,6.71694],[79.91169,6.71691],[79.91154,6.71615],[79.91078,6.71639],[79.91104,6.71719],[79.9113,6.71754],[79.91123,6.71779],[79.91141,6.71819],[79.91128,6.71931],[79.91209,6.71949],[79.91253,6.7194],[79.91332,6.71971],[79.91386,6.71974],[79.91451,6.71948],[79.9147,6.71967],[79.91545,6.71947],[79.91593,6.72037],[79.9161,6.72094],[79.9164,6.72087],[79.91669,6.72119],[79.91686,6.72109],[79.91722,6.7205],[79.91748,6.72055],[79.91795,6.7211],[79.91904,6.72082],[79.91915,6.71879],[79.9206,6.71883],[79.92061,6.71836]]]}},{"type":"Feature","properties":{"pcode":"LK1103115","gn":"Pettah","ds":"Colombo","district":"Colombo"},"geometry":{"type":"Polygon","coordinates":[[[79.84748,6.9381],[79.84813,6.93848],[79.84799,6.93879],[79.84817,6.93851],[79.8485,6.93875],[79.84824,6.93915],[79.84857,6.93879],[79.84887,6.939],[79.84842,6.93967],[79.8485,6.93971],[79.84895,6.93903],[79.84911,6.93915],[79.84925,6.93909],[79.84901,6.93957],[79.84924,6.93923],[79.84945,6.93938],[79.84871,6.94045],[79.84879,6.94051],[79.84958,6.93936],[79.84941,6.93976],[79.84966,6.93943],[79.84978,6.93953],[79.8495,6.94001],[79.84981,6.94022],[79.84923,6.94107],[79.84987,6.94025],[79.85005,6.94037],[79.8497,6.94092],[79.85007,6.94039],[79.85014,6.94044],[79.85002,6.94065],[79.85039,6.94018],[79.85129,6.9408],[79.8511,6.94108],[79.85135,6.94085],[79.85229,6.94173],[79.8517,6.94202],[79.85134,6.94176],[79.84988,6.94249],[79.85255,6.94789],[79.85511,6.94691],[79.8564,6.94654],[79.85564,6.94472],[79.85544,6.94445],[79.8551,6.94433],[79.85308,6.94074],[79.85342,6.94069],[79.85353,6.93972],[79.85328,6.93965],[79.85352,6.93881],[79.85427,6.9391],[79.85444,6.93904],[79.85455,6.93919],[79.85513,6.93924],[79.85547,6.93922],[79.85671,6.9387],[79.85561,6.93644],[79.85579,6.93585],[79.85588,6.93482],[79.85562,6.9341],[79.85607,6.93381],[79.85757,6.9323],[79.85707,6.93232],[79.85345,6.93358],[79.85124,6.93415],[79.84787,6.93413],[79.84748,6.9381]]]}},{"type":"Feature","properties":{"pcode":"LK1321095","gn":"Deldoowa","ds":"Kalutara","district":"Kalutara"},"geometry":{"type":"Polygon","coordinates":[[[79.96217,6.6486],[79.96186,6.64839],[79.96229,6.64786],[79.96194,6.64753],[79.96269,6.64682],[79.96247,6.64642],[79.962,6.64611],[79.96171,6.64616],[79.96157,6.64608],[79.96134,6.64619],[79.96128,6.64511],[79.96131,6.64492],[79.96143,6.64489],[79.96132,6.64484],[79.96135,6.64362],[79.96302,6.64378],[79.96364,6.64177],[79.96349,6.64146],[79.96321,6.64122],[79.96337,6.641],[79.96375,6.64123],[79.96392,6.64107],[79.96412,6.6412],[79.96496,6.64192],[79.96491,6.6421],[79.96552,6.64238],[79.96595,6.64241],[79.96592,6.64202],[79.96482,6.64091],[79.96401,6.64034],[79.96375,6.63934],[79.96382,6.6392],[79.96415,6.6392],[79.96756,6.63956],[79.96768,6.63943],[79.96788,6.63859],[79.96778,6.63752],[79.96748,6.63702],[79.9673,6.63624],[79.96667,6.63553],[79.96617,6.63565],[79.96359,6.63715],[79.96113,6.6382],[79.96024,6.63801],[79.95967,6.63807],[79.95817,6.63794],[79.95655,6.63761],[79.95629,6.63811],[79.95523,6.63886],[79.95068,6.64046],[79.94984,6.64085],[79.94941,6.6412],[79.94924,6.64221],[79.94887,6.64327],[79.94892,6.64475],[79.94872,6.64661],[79.954,6.64722],[79.95545,6.64718],[79.95636,6.64693],[79.95772,6.64692],[79.9576,6.64719],[79.95763,6.64762],[79.95707,6.64767],[79.95714,6.648],[79.95654,6.64812],[79.9561,6.649],[79.95583,6.64904],[79.95575,6.64926],[79.95794,6.65028],[79.95826,6.64963],[79.95836,6.64966],[79.95846,6.64947],[79.9591,6.64955],[79.95932,6.64969],[79.95955,6.6496],[79.95982,6.64967],[79.96051,6.65009],[79.96078,6.65059],[79.96142,6.64986],[79.96217,6.6486]]]}},{"type":"Feature","properties":{"pcode":"LK1303205","gn":"Bazaar","ds":"Panadura","district":"Kalutara"},"geometry":{"type":"Polygon","coordinates":[[[79.91062,6.71553],[79.91056,6.71471],[79.91077,6.71461],[79.91079,6.71429],[79.91056,6.71428],[79.91058,6.71376],[79.91073,6.71377],[79.91085,6.71327],[79.91042,6.71321],[79.90975,6.71291],[79.91007,6.71193],[79.90997,6.71169],[79.90975,6.71153],[79.90886,6.71156],[79.90848,6.71133],[79.90806,6.71129],[79.90699,6.71307],[79.90696,6.71333],[79.90676,6.71347],[79.90641,6.71342],[79.90608,6.71365],[79.90602,6.71387],[79.90648,6.71397],[79.90595,6.71487],[79.90555,6.71572],[79.90557,6.71591],[79.90544,6.71598],[79.90552,6.71626],[79.90626,6.71606],[79.90705,6.71603],[79.9071,6.71587],[79.90757,6.71578],[79.9091,6.71565],[79.90963,6.71571],[79.91062,6.71553]]]}},{"type":"Feature","properties":{"pcode":"LK1103110","gn":"Kochchikade South","ds":"Colombo","district":"Colombo"},"geometry":{"type":"Polygon","coordinates":[[[79.85933,6.93919],[79.85949,6.93805],[79.85853,6.93642],[79.85827,6.93562],[79.85723,6.93553],[79.85714,6.93566],[79.85582,6.93553],[79.85561,6.93644],[79.85671,6.9387],[79.85547,6.93922],[79.85463,6.93921],[79.85444,6.93904],[79.85427,6.9391],[79.85422,6.93942],[79.85431,6.93983],[79.85461,6.9399],[79.85496,6.94084],[79.85515,6.94106],[79.85809,6.9418],[79.85879,6.93991],[79.85887,6.93992],[79.85901,6.93914],[79.85933,6.93919]]]}},{"type":"Feature","properties":{"pcode":"LK1303200","gn":"Bazaar West","ds":"Panadura","district":"Kalutara"},"geometry":{"type":"Polygon","coordinates":[[[79.90552,6.71623],[79.90544,6.71598],[79.90557,6.71591],[79.90555,6.71572],[79.90595,6.71487],[79.90648,6.71397],[79.90602,6.71387],[79.90608,6.71365],[79.90641,6.71342],[79.90676,6.71347],[79.90696,6.71333],[79.90699,6.71307],[79.90806,6.71129],[79.90774,6.7112],[79.90784,6.71085],[79.90729,6.71079],[79.90734,6.71069],[79.90654,6.71053],[79.90649,6.71082],[79.90631,6.71087],[79.90629,6.71108],[79.90647,6.71118],[79.90628,6.71165],[79.9057,6.71257],[79.90556,6.71303],[79.90524,6.71341],[79.90536,6.71351],[79.90479,6.71425],[79.90422,6.71533],[79.90402,6.7154],[79.90376,6.71578],[79.90381,6.71591],[79.90319,6.71684],[79.9034,6.71717],[79.90392,6.71669],[79.90404,6.71687],[79.90438,6.71669],[79.90442,6.71675],[79.90512,6.71627],[79.90552,6.71623]]]}},{"type":"Feature","properties":{"pcode":"LK1103105","gn":"Aluthkade West","ds":"Colombo","district":"Colombo"},"geometry":{"type":"Polygon","coordinates":[[[79.86287,6.93723],[79.86209,6.93741],[79.86089,6.93731],[79.86073,6.93672],[79.86022,6.93585],[79.86002,6.93488],[79.85944,6.93449],[79.8585,6.9345],[79.85828,6.93513],[79.85827,6.93562],[79.85853,6.93642],[79.85949,6.93805],[79.85933,6.93919],[79.86057,6.93938],[79.86122,6.93963],[79.86146,6.93875],[79.86286,6.93929],[79.86309,6.93862],[79.86287,6.93723]]]}},{"type":"Feature","properties":{"pcode":"LK1303195","gn":"Sagara Place","ds":"Panadura","district":"Kalutara"},"geometry":{"type":"Polygon","coordinates":[[[79.90228,6.71022],[79.90166,6.71193],[79.90102,6.7131],[79.90089,6.71368],[79.90072,6.71378],[79.90059,6.71431],[79.9008,6.71454],[79.90106,6.71534],[79.90168,6.71546],[79.90201,6.71565],[79.90263,6.71615],[79.90319,6.71684],[79.90381,6.71591],[79.90376,6.71578],[79.90402,6.7154],[79.90422,6.71533],[79.90479,6.71425],[79.90536,6.71351],[79.90524,6.71341],[79.90556,6.71303],[79.90647,6.71118],[79.90325,6.71037],[79.90228,6.71022]]]}},{"type":"Feature","properties":{"pcode":"LK1103100","gn":"Aluthkade East","ds":"Colombo","district":"Colombo"},"geometry":{"type":"Polygon","coordinates":[[[79.86633,6.93633],[79.86617,6.93504],[79.86597,6.93443],[79.86594,6.93368],[79.86579,6.93325],[79.86545,6.93265],[79.86521,6.93271],[79.86442,6.93246],[79.86433,6.93344],[79.86388,6.93462],[79.86364,6.93446],[79.86346,6.93471],[79.86277,6.93433],[79.86211,6.93523],[79.86258,6.93631],[79.86295,6.93761],[79.86309,6.93862],[79.86292,6.9392],[79.86286,6.93929],[79.86146,6.93875],[79.86122,6.93963],[79.86277,6.94023],[79.8653,6.94097],[79.86632,6.93865],[79.86633,6.93633]]]}},{"type":"Feature","properties":{"pcode":"LK1303190","gn":"Bazaar North","ds":"Panadura","district":"Kalutara"},"geometry":{"type":"Polygon","coordinates":[[[79.91128,6.71931],[79.91141,6.71819],[79.91123,6.71779],[79.9113,6.71754],[79.91119,6.7175],[79.91081,6.71653],[79.91079,6.7159],[79.91064,6.71579],[79.91062,6.71553],[79.90963,6.71571],[79.9091,6.71565],[79.90757,6.71578],[79.9071,6.71587],[79.90705,6.71603],[79.90684,6.71598],[79.90512,6.71627],[79.90442,6.71675],[79.90438,6.71669],[79.90404,6.71687],[79.90392,6.71669],[79.9034,6.71717],[79.9039,6.71844],[79.90526,6.71813],[79.90774,6.71815],[79.90738,6.72136],[79.91,6.72157],[79.9106,6.72136],[79.91064,6.72052],[79.91075,6.72052],[79.91082,6.72016],[79.91128,6.71931]]]}},{"type":"Feature","properties":{"pcode":"LK1103135","gn":"Hunupitiya","ds":"Colombo","district":"Colombo"},"geometry":{"type":"Polygon","coordinates":[[[79.85328,6.92955],[79.85469,6.92908],[79.85676,6.92614],[79.85865,6.92396],[79.85936,6.92285],[79.8604,6.92154],[79.86115,6.92092],[79.8614,6.91992],[79.86191,6.91968],[79.86142,6.91867],[79.86089,6.91893],[79.86015,6.91754],[79.85742,6.91882],[79.85729,6.91911],[79.8578,6.92038],[79.85239,6.92298],[79.85117,6.92711],[79.85077,6.92732],[79.84978,6.92756],[79.85007,6.92783],[79.85112,6.92982],[79.85328,6.92955]]]}},{"type":"Feature","properties":{"pcode":"LK1321115","gn":"Pothupitiya West","ds":"Kalutara","district":"Kalutara"},"geometry":{"type":"Polygon","coordinates":[[[79.93854,6.63198],[79.93755,6.63419],[79.93658,6.6373],[79.93611,6.63835],[79.93591,6.63853],[79.93601,6.63855],[79.93595,6.63865],[79.93585,6.63858],[79.93572,6.63923],[79.93531,6.64013],[79.93436,6.64298],[79.93644,6.64332],[79.93663,6.64276],[79.9369,6.64278],[79.93773,6.64304],[79.93844,6.64345],[79.93921,6.64221],[79.93937,6.64174],[79.93938,6.64123],[79.93905,6.64038],[79.939,6.63989],[79.94203,6.63183],[79.94157,6.63164],[79.94109,6.63232],[79.94023,6.63222],[79.94011,6.63247],[79.93854,6.63198]]]}},{"type":"Feature","properties":{"pcode":"LK1103130","gn":"Slave Island","ds":"Colombo","district":"Colombo"},"geometry":{"type":"Polygon","coordinates":[[[79.85239,6.92298],[79.85069,6.92384],[79.84953,6.92373],[79.84931,6.92483],[79.8484,6.92682],[79.84941,6.92721],[79.84978,6.92756],[79.8511,6.92718],[79.85133,6.92667],[79.85239,6.92298]]]}},{"type":"Feature","properties":{"pcode":"LK1321110","gn":"Pothupitiya North","ds":"Kalutara","district":"Kalutara"},"geometry":{"type":"Polygon","coordinates":[[[79.94748,6.63963],[79.9466,6.6392],[79.94525,6.6391],[79.94425,6.63849],[79.94322,6.63825],[79.94254,6.63796],[79.94094,6.63779],[79.94052,6.63743],[79.93997,6.63722],[79.939,6.63989],[79.93905,6.64038],[79.93939,6.64139],[79.93929,6.64201],[79.93899,6.64254],[79.93984,6.64286],[79.94036,6.64281],[79.94127,6.64225],[79.94211,6.64196],[79.94245,6.64091],[79.94286,6.64077],[79.94292,6.64065],[79.94339,6.64082],[79.94391,6.64076],[79.94465,6.64089],[79.94581,6.64037],[79.94671,6.64027],[79.94748,6.63963]]]}},{"type":"Feature","properties":{"pcode":"LK1103125","gn":"Galle Face","ds":"Colombo","district":"Colombo"},"geometry":{"type":"Polygon","coordinates":[[[79.84627,6.91747],[79.84466,6.92288],[79.84431,6.92361],[79.84414,6.92442],[79.84396,6.92432],[79.84392,6.92443],[79.84413,6.92446],[79.84357,6.92593],[79.84364,6.92609],[79.84357,6.92633],[79.8432,6.92714],[79.84304,6.92804],[79.84285,6.92832],[79.84257,6.92827],[79.84224,6.9286],[79.84201,6.92858],[79.84173,6.92834],[79.84203,6.92983],[79.84236,6.93016],[79.84244,6.92996],[79.84523,6.93019],[79.84626,6.93051],[79.84724,6.92863],[79.84855,6.92653],[79.84931,6.92483],[79.84953,6.92373],[79.85069,6.92384],[79.85074,6.92371],[79.85106,6.92187],[79.84979,6.92157],[79.84963,6.92088],[79.84923,6.92023],[79.84695,6.91879],[79.84627,6.91747]]]}},{"type":"Feature","properties":{"pcode":"LK1321105","gn":"Pothupitiya South","ds":"Kalutara","district":"Kalutara"},"geometry":{"type":"MultiPolygon","coordinates":[[[[79.94963,6.63782],[79.95094,6.63743],[79.95089,6.63731],[79.95064,6.63702],[79.95066,6.6365],[79.95045,6.63639],[79.9499,6.63639],[79.94942,6.63666],[79.94813,6.6366],[79.94778,6.63644],[79.94766,6.63601],[79.94737,6.63572],[79.94531,6.63483],[79.94456,6.63494],[79.9441,6.63475],[79.94473,6.63324],[79.94447,6.63275],[79.94463,6.63234],[79.94479,6.63216],[79.94515,6.63205],[79.94547,6.63221],[79.94562,6.63215],[79.9455,6.63147],[79.94511,6.63106],[79.94423,6.63079],[79.94366,6.63086],[79.94354,6.63099],[79.9434,6.6316],[79.94307,6.63173],[79.9425,6.6323],[79.94244,6.63197],[79.94203,6.63183],[79.94147,6.6334],[79.9422,6.6339],[79.9425,6.63444],[79.94464,6.63504],[79.94541,6.63547],[79.9453,6.63563],[79.9454,6.63583],[79.94528,6.636],[79.94532,6.63623],[79.94562,6.63674],[79.94598,6.63825],[79.94616,6.63862],[79.94634,6.63871],[79.94632,6.63899],[79.94683,6.63901],[79.94791,6.63931],[79.9488,6.63908],[79.94943,6.63883],[79.94958,6.63863],[79.94943,6.63835],[79.94963,6.63782]]],[[[79.94869,6.63263],[79.94762,6.63172],[79.94753,6.63183],[79.94755,6.6327],[79.94783,6.63343],[79.94825,6.63347],[79.94851,6.63323],[79.94826,6.63284],[79.94869,6.63263]]]]}},{"type":"Feature","properties":{"pcode":"LK1103120","gn":"Fort","ds":"Colombo","district":"Colombo"},"geometry":{"type":"Polygon","coordinates":[[[79.84203,6.92983],[79.84139,6.92665],[79.8415,6.92631],[79.8414,6.92586],[79.84099,6.92526],[79.8403,6.92477],[79.83961,6.92456],[79.83837,6.92456],[79.83684,6.92325],[79.83662,6.92289],[79.8352,6.9223],[79.83411,6.92217],[79.83013,6.9222],[79.82875,6.92236],[79.82715,6.9228],[79.82563,6.92347],[79.82423,6.92438],[79.823,6.92549],[79.82195,6.92678],[79.82112,6.92822],[79.82052,6.92976],[79.82009,6.93222],[79.82006,6.94019],[79.81997,6.9406],[79.82029,6.94102],[79.82081,6.94107],[79.82317,6.94322],[79.8227,6.94437],[79.82248,6.94566],[79.82246,6.95545],[79.82257,6.95719],[79.82274,6.95766],[79.82322,6.95831],[79.83089,6.96595],[79.83115,6.96583],[79.83117,6.96551],[79.83075,6.96535],[79.82954,6.96419],[79.82981,6.9638],[79.82939,6.96352],[79.82359,6.95771],[79.82327,6.95716],[79.82316,6.95663],[79.82319,6.94663],[79.82343,6.94551],[79.82386,6.94474],[79.82381,6.94464],[79.82435,6.94419],[79.82521,6.94414],[79.82529,6.94401],[79.82519,6.94374],[79.82538,6.9436],[79.8258,6.94375],[79.82577,6.94512],[79.82588,6.94536],[79.82616,6.94548],[79.82755,6.94541],[79.82755,6.94579],[79.83839,6.94582],[79.83839,6.94534],[79.8391,6.94533],[79.83926,6.94648],[79.83894,6.94653],[79.83983,6.95181],[79.84048,6.9517],[79.84018,6.94999],[79.8407,6.94993],[79.84007,6.94613],[79.84221,6.94581],[79.84232,6.94639],[79.84225,6.94718],[79.84349,6.9482],[79.84371,6.94889],[79.8438,6.94975],[79.84414,6.95036],[79.8443,6.95207],[79.8444,6.95221],[79.84454,6.95474],[79.8444,6.95513],[79.84324,6.95653],[79.83994,6.96026],[79.83925,6.95969],[79.83987,6.95895],[79.83978,6.95878],[79.83894,6.95977],[79.83893,6.96015],[79.83913,6.96038],[79.83956,6.96074],[79.83992,6.96077],[79.84456,6.9553],[79.8446,6.95592],[79.84472,6.95595],[79.84487,6.9558],[79.84468,6.95581],[79.84458,6.95331],[79.84528,6.95314],[79.84568,6.95338],[79.8458,6.95292],[79.84559,6.95322],[79.84485,6.95211],[79.84624,6.9518],[79.84605,6.9507],[79.84634,6.95062],[79.845,6.94218],[79.84452,6.94066],[79.84433,6.94071],[79.84441,6.94101],[79.84417,6.94086],[79.84385,6.9409],[79.84374,6.94027],[79.84349,6.9401],[79.84333,6.94032],[79.84293,6.94008],[79.84293,6.9399],[79.84313,6.93955],[79.84341,6.93973],[79.84347,6.93962],[79.84317,6.93945],[79.84336,6.93913],[79.84367,6.93955],[79.84379,6.93944],[79.84361,6.93918],[79.84428,6.93899],[79.8444,6.93948],[79.8445,6.93946],[79.84438,6.93896],[79.84485,6.93882],[79.84498,6.93928],[79.84507,6.93926],[79.84496,6.9388],[79.84526,6.93872],[79.84628,6.94226],[79.84739,6.94195],[79.84637,6.93826],[79.84727,6.938],[79.84748,6.9381],[79.84787,6.93413],[79.85025,6.93411],[79.85079,6.93422],[79.85291,6.93373],[79.85415,6.93332],[79.85335,6.9306],[79.85328,6.92955],[79.85112,6.92982],[79.85007,6.92783],[79.84935,6.92718],[79.8484,6.92682],[79.8473,6.92852],[79.84626,6.93051],[79.84523,6.93019],[79.84244,6.92996],[79.84236,6.93016],[79.84203,6.92983]]]}},{"type":"Feature","properties":{"pcode":"LK1321100","gn":"Nugagoda","ds":"Kalutara","district":"Kalutara"},"geometry":{"type":"Polygon","coordinates":[[[79.96667,6.63553],[79.96757,6.63383],[79.96736,6.63369],[79.967,6.63272],[79.96676,6.63263],[79.96631,6.63187],[79.96571,6.63159],[79.96563,6.63114],[79.96503,6.63103],[79.96375,6.63035],[79.96291,6.62977],[79.96085,6.62944],[79.95938,6.6289],[79.95886,6.62853],[79.9587,6.62815],[79.95698,6.62724],[79.95699,6.62897],[79.95724,6.62975],[79.95724,6.63173],[79.9557,6.63205],[79.95458,6.63204],[79.95443,6.63213],[79.95393,6.63346],[79.95334,6.63356],[79.9527,6.63344],[79.95159,6.6335],[79.95124,6.63367],[79.95124,6.63385],[79.95106,6.63402],[79.95098,6.63591],[79.95083,6.63593],[79.95063,6.63681],[79.95064,6.63702],[79.95105,6.63766],[79.95114,6.63835],[79.95068,6.64046],[79.95523,6.63886],[79.95629,6.63811],[79.95655,6.63761],[79.95817,6.63794],[79.95967,6.63807],[79.96024,6.63801],[79.96113,6.6382],[79.96359,6.63715],[79.96617,6.63565],[79.96667,6.63553]]]}},{"type":"Feature","properties":{"pcode":"LK1103155","gn":"Maligawatta West","ds":"Colombo","district":"Colombo"},"geometry":{"type":"Polygon","coordinates":[[[79.87176,6.93419],[79.87205,6.93253],[79.87215,6.93255],[79.8725,6.93161],[79.87244,6.93132],[79.87262,6.93137],[79.8726,6.93122],[79.87284,6.93081],[79.87148,6.93001],[79.87058,6.92988],[79.87008,6.93116],[79.86825,6.93044],[79.86825,6.93019],[79.8665,6.92929],[79.86432,6.92853],[79.86415,6.9287],[79.864,6.92892],[79.86456,6.92943],[79.8649,6.92997],[79.86716,6.93053],[79.86629,6.93168],[79.86636,6.93274],[79.86766,6.93413],[79.86768,6.93461],[79.86971,6.93486],[79.87092,6.93357],[79.87127,6.93367],[79.87127,6.93386],[79.87176,6.93419]]]}},{"type":"Feature","properties":{"pcode":"LK1103150","gn":"Panchikawatta","ds":"Colombo","district":"Colombo"},"geometry":{"type":"Polygon","coordinates":[[[79.864,6.92892],[79.86268,6.93007],[79.86052,6.9323],[79.86202,6.9326],[79.86428,6.93342],[79.86442,6.93246],[79.86521,6.93271],[79.86545,6.93265],[79.86587,6.93346],[79.86597,6.93443],[79.86768,6.93461],[79.86766,6.93413],[79.86636,6.93274],[79.86629,6.93168],[79.86716,6.93053],[79.8649,6.92997],[79.86456,6.92943],[79.864,6.92892]]]}},{"type":"Feature","properties":{"pcode":"LK1103145","gn":"Keselwatta","ds":"Colombo","district":"Colombo"},"geometry":{"type":"Polygon","coordinates":[[[79.86287,6.93723],[79.86212,6.93529],[79.86216,6.93509],[79.86277,6.93433],[79.86346,6.93471],[79.86364,6.93446],[79.86388,6.93462],[79.86428,6.93342],[79.86202,6.9326],[79.86052,6.9323],[79.85974,6.93196],[79.85926,6.9319],[79.85807,6.932],[79.85777,6.93213],[79.85597,6.9339],[79.85562,6.9341],[79.85586,6.9347],[79.85582,6.93553],[79.85714,6.93566],[79.85723,6.93553],[79.85827,6.93562],[79.85828,6.93513],[79.8585,6.9345],[79.85944,6.93449],[79.86009,6.93498],[79.86022,6.93585],[79.86073,6.93672],[79.86089,6.93731],[79.86209,6.93741],[79.86287,6.93723]]]}},{"type":"Feature","properties":{"pcode":"LK1103140","gn":"Suduwella","ds":"Colombo","district":"Colombo"},"geometry":{"type":"Polygon","coordinates":[[[79.85757,6.9323],[79.85807,6.932],[79.85942,6.93189],[79.86052,6.9323],[79.86268,6.93007],[79.864,6.92892],[79.8637,6.92866],[79.86377,6.92813],[79.86244,6.92769],[79.86195,6.92715],[79.8618,6.92649],[79.86187,6.92481],[79.86519,6.9249],[79.86478,6.92386],[79.86469,6.92264],[79.86434,6.92166],[79.86338,6.92138],[79.86252,6.92097],[79.8621,6.92101],[79.86191,6.91968],[79.8614,6.91992],[79.86115,6.92092],[79.8604,6.92154],[79.85936,6.92285],[79.85865,6.92396],[79.85676,6.92614],[79.85469,6.92908],[79.85328,6.92955],[79.85335,6.9306],[79.85415,6.93332],[79.85707,6.93232],[79.85757,6.9323]]]}},{"type":"Feature","properties":{"pcode":"LK1103015","gn":"Modara","ds":"Colombo","district":"Colombo"},"geometry":{"type":"Polygon","coordinates":[[[79.86628,6.96739],[79.86672,6.96794],[79.86669,6.96841],[79.86753,6.96831],[79.86842,6.96977],[79.86823,6.97024],[79.86787,6.9704],[79.86781,6.97015],[79.86772,6.97017],[79.86791,6.97102],[79.86801,6.971],[79.86795,6.97082],[79.8683,6.97083],[79.86868,6.97115],[79.86878,6.97235],[79.86964,6.97251],[79.86944,6.97132],[79.86951,6.97037],[79.86965,6.97015],[79.86997,6.97016],[79.87103,6.96975],[79.8726,6.96943],[79.87284,6.97024],[79.87647,6.96815],[79.87637,6.96769],[79.87609,6.96773],[79.87526,6.96664],[79.8749,6.96663],[79.87453,6.96587],[79.87521,6.96517],[79.87502,6.96476],[79.87446,6.96461],[79.8732,6.96362],[79.87272,6.96278],[79.87245,6.96135],[79.87177,6.96178],[79.87143,6.96185],[79.87128,6.96076],[79.87095,6.96054],[79.87077,6.96027],[79.87041,6.96031],[79.86959,6.959],[79.86946,6.95851],[79.86964,6.95845],[79.86988,6.95766],[79.86986,6.95681],[79.86958,6.95698],[79.86877,6.95701],[79.86892,6.95747],[79.86831,6.95775],[79.86895,6.95907],[79.869,6.95956],[79.86876,6.9596],[79.86907,6.9612],[79.86874,6.96126],[79.86871,6.96115],[79.86813,6.96113],[79.86812,6.96149],[79.86847,6.96186],[79.86769,6.96284],[79.86918,6.96444],[79.86742,6.96595],[79.86628,6.96739]]]}},{"type":"Feature","properties":{"pcode":"LK1103010","gn":"Mattakkuliya","ds":"Colombo","district":"Colombo"},"geometry":{"type":"Polygon","coordinates":[[[79.86878,6.97235],[79.86885,6.97281],[79.86858,6.97315],[79.86828,6.97321],[79.86823,6.973],[79.86813,6.973],[79.86841,6.97412],[79.86854,6.97409],[79.86848,6.97388],[79.86907,6.97399],[79.86923,6.97462],[79.86918,6.97871],[79.87014,6.97964],[79.87255,6.9802],[79.87354,6.9806],[79.87598,6.98073],[79.87569,6.98034],[79.87571,6.97952],[79.87629,6.97901],[79.87661,6.97824],[79.87712,6.97801],[79.87787,6.97739],[79.87844,6.9759],[79.87884,6.97547],[79.87921,6.97472],[79.88016,6.97632],[79.87925,6.97738],[79.87935,6.97748],[79.8788,6.97842],[79.87953,6.97963],[79.88032,6.98062],[79.8804,6.98093],[79.88233,6.97987],[79.88249,6.97953],[79.88365,6.97862],[79.88426,6.97783],[79.88482,6.97658],[79.88494,6.97583],[79.88495,6.97426],[79.88426,6.97194],[79.8827,6.96926],[79.879,6.96478],[79.87852,6.96328],[79.87671,6.964],[79.87606,6.96435],[79.87615,6.96444],[79.87559,6.96446],[79.87507,6.96483],[79.87521,6.96517],[79.87453,6.96587],[79.8749,6.96663],[79.87526,6.96664],[79.87609,6.96773],[79.87637,6.96769],[79.87647,6.96815],[79.87284,6.97024],[79.8726,6.96943],[79.87103,6.96975],[79.86997,6.97016],[79.86965,6.97015],[79.86951,6.97037],[79.86944,6.97132],[79.86964,6.97251],[79.86878,6.97235]]]}},{"type":"Feature","properties":{"pcode":"LK1103005","gn":"Sammanthranapura","ds":"Colombo","district":"Colombo"},"geometry":{"type":"Polygon","coordinates":[[[79.8804,6.98093],[79.88032,6.98062],[79.87953,6.97963],[79.8788,6.97842],[79.87935,6.97748],[79.87925,6.97738],[79.88016,6.97632],[79.87921,6.97472],[79.87884,6.97547],[79.87844,6.9759],[79.87787,6.97739],[79.87712,6.97801],[79.87661,6.97824],[79.87629,6.97901],[79.87571,6.97952],[79.87569,6.98034],[79.87598,6.98073],[79.87695,6.98078],[79.87833,6.98109],[79.87909,6.98118],[79.8804,6.98093]]]}},{"type":"Feature","properties":{"pcode":"LK1103035","gn":"Lunupokuna","ds":"Colombo","district":"Colombo"},"geometry":{"type":"Polygon","coordinates":[[[79.85255,6.94789],[79.85372,6.95345],[79.85604,6.95324],[79.85607,6.95364],[79.85457,6.95379],[79.85468,6.95434],[79.85384,6.95444],[79.85385,6.95463],[79.85618,6.95438],[79.8562,6.95468],[79.85595,6.95469],[79.85613,6.9547],[79.85624,6.95518],[79.85573,6.9552],[79.85572,6.95529],[79.85602,6.95528],[79.85614,6.95551],[79.8555,6.95562],[79.85613,6.95562],[79.85638,6.95589],[79.85731,6.95605],[79.85731,6.95622],[79.85707,6.95623],[79.85707,6.95632],[79.85742,6.95633],[79.85748,6.95647],[79.8574,6.95675],[79.85409,6.95657],[79.85407,6.95676],[79.85651,6.95732],[79.85657,6.95841],[79.85327,6.95768],[79.85319,6.95775],[79.8532,6.95882],[79.85498,6.95919],[79.85504,6.95901],[79.85657,6.95934],[79.85658,6.95967],[79.85595,6.95965],[79.85586,6.95971],[79.85661,6.95974],[79.85657,6.96012],[79.85634,6.96016],[79.85633,6.96025],[79.85658,6.96027],[79.85658,6.9608],[79.85312,6.96048],[79.85323,6.96094],[79.8533,6.96112],[79.8537,6.96121],[79.85519,6.96135],[79.85534,6.96145],[79.85554,6.96137],[79.85638,6.96146],[79.85645,6.96179],[79.8566,6.96195],[79.85774,6.9622],[79.85774,6.96245],[79.85728,6.96371],[79.85752,6.96366],[79.85791,6.96411],[79.85799,6.96405],[79.85766,6.96356],[79.85806,6.96248],[79.85886,6.96286],[79.8587,6.96295],[79.85884,6.96301],[79.85877,6.96355],[79.85886,6.96411],[79.85921,6.96492],[79.85924,6.96454],[79.85934,6.96453],[79.85911,6.96328],[79.85977,6.96307],[79.86041,6.96307],[79.86101,6.96329],[79.86112,6.96351],[79.86123,6.96347],[79.86126,6.96333],[79.8615,6.9633],[79.86163,6.96271],[79.86285,6.96184],[79.86358,6.96099],[79.86444,6.95961],[79.86261,6.95782],[79.86449,6.95666],[79.86479,6.95628],[79.86219,6.95635],[79.86198,6.95551],[79.863,6.95541],[79.86331,6.95522],[79.86348,6.95532],[79.86374,6.95513],[79.86321,6.95459],[79.86294,6.95383],[79.86294,6.95218],[79.86283,6.95157],[79.86263,6.95177],[79.86162,6.95225],[79.86121,6.95223],[79.86067,6.95181],[79.8603,6.95009],[79.85974,6.95017],[79.8596,6.95004],[79.85931,6.95005],[79.85932,6.94995],[79.85903,6.95],[79.85895,6.94965],[79.85757,6.94991],[79.85717,6.95011],[79.85666,6.94814],[79.8564,6.94654],[79.85511,6.94691],[79.85255,6.94789]]]}},{"type":"Feature","properties":{"pcode":"LK1103030","gn":"Aluthmawatha","ds":"Colombo","district":"Colombo"},"geometry":{"type":"Polygon","coordinates":[[[79.8615,6.9633],[79.86178,6.96367],[79.86115,6.96431],[79.86124,6.96436],[79.86212,6.96361],[79.86245,6.96429],[79.86231,6.96457],[79.8621,6.96454],[79.86212,6.96474],[79.86271,6.96481],[79.86298,6.96502],[79.86313,6.96484],[79.86348,6.96494],[79.86365,6.96481],[79.8643,6.96499],[79.86509,6.96572],[79.86564,6.96689],[79.86628,6.96739],[79.86742,6.96595],[79.86918,6.96444],[79.86769,6.96284],[79.86847,6.96186],[79.86812,6.96149],[79.86813,6.96113],[79.86871,6.96115],[79.86874,6.96126],[79.86907,6.9612],[79.86876,6.9596],[79.869,6.95956],[79.86895,6.95907],[79.86831,6.95775],[79.86892,6.95747],[79.86877,6.95701],[79.86958,6.95698],[79.86985,6.95683],[79.86999,6.95654],[79.86998,6.9562],[79.86479,6.95628],[79.86449,6.95666],[79.86262,6.95779],[79.86444,6.95961],[79.86333,6.96131],[79.86285,6.96184],[79.86163,6.96271],[79.8615,6.9633]]]}},{"type":"Feature","properties":{"pcode":"LK1103025","gn":"Mahawatta","ds":"Colombo","district":"Colombo"},"geometry":{"type":"Polygon","coordinates":[[[79.87252,6.9616],[79.87588,6.9587],[79.87617,6.95942],[79.87671,6.96005],[79.87722,6.96026],[79.8785,6.9605],[79.87873,6.95962],[79.87923,6.95839],[79.87802,6.95691],[79.87732,6.95581],[79.87693,6.95487],[79.87651,6.95454],[79.87572,6.95308],[79.87479,6.95359],[79.87509,6.95457],[79.87532,6.9561],[79.86998,6.9562],[79.86999,6.95654],[79.86986,6.95681],[79.86988,6.95766],[79.86964,6.95845],[79.86946,6.95851],[79.86957,6.95895],[79.87041,6.96031],[79.87077,6.96027],[79.87095,6.96054],[79.87128,6.96076],[79.87143,6.96185],[79.87177,6.96178],[79.87245,6.96135],[79.87252,6.9616]]]}},{"type":"Feature","properties":{"pcode":"LK1103020","gn":"Madampitiya","ds":"Colombo","district":"Colombo"},"geometry":{"type":"Polygon","coordinates":[[[79.87852,6.96328],[79.8785,6.9605],[79.87722,6.96026],[79.87671,6.96005],[79.87617,6.95942],[79.87588,6.9587],[79.87252,6.9616],[79.87272,6.96278],[79.8732,6.96362],[79.87446,6.96461],[79.87507,6.96483],[79.87559,6.96446],[79.87615,6.96444],[79.87606,6.96435],[79.87671,6.964],[79.87852,6.96328]]]}},{"type":"Feature","properties":{"pcode":"LK1203030","gn":"Palangathure","ds":"Negombo","district":"Gampaha"},"geometry":{"type":"Polygon","coordinates":[[[79.84149,7.24582],[79.84182,7.25188],[79.84169,7.25581],[79.84236,7.25578],[79.84243,7.25589],[79.84351,7.256],[79.84366,7.25587],[79.84364,7.25507],[79.84505,7.25513],[79.84476,7.25739],[79.84385,7.25839],[79.84527,7.25853],[79.84536,7.25798],[79.84568,7.2573],[79.84568,7.25688],[79.84604,7.25591],[79.84602,7.25575],[79.84633,7.25497],[79.84664,7.25456],[79.84684,7.25333],[79.84727,7.25213],[79.84708,7.25203],[79.84748,7.2508],[79.84738,7.25076],[79.8488,7.24746],[79.84893,7.24686],[79.84939,7.24582],[79.84915,7.24552],[79.84872,7.24526],[79.84855,7.24466],[79.84872,7.24343],[79.84949,7.24046],[79.849,7.2396],[79.84822,7.23901],[79.84812,7.23852],[79.84768,7.23948],[79.8475,7.24091],[79.84666,7.24071],[79.84588,7.24024],[79.84575,7.24043],[79.84506,7.24216],[79.8451,7.24572],[79.84481,7.24655],[79.84373,7.24599],[79.84357,7.24608],[79.84218,7.24577],[79.84149,7.24582]]]}},{"type":"Feature","properties":{"pcode":"LK1103055","gn":"Kochchikade North","ds":"Colombo","district":"Colombo"},"geometry":{"type":"Polygon","coordinates":[[[79.85812,6.9464],[79.85913,6.94311],[79.85902,6.94304],[79.85732,6.94314],[79.85648,6.9434],[79.8558,6.94185],[79.85611,6.94167],[79.85617,6.94135],[79.85508,6.94102],[79.85461,6.9399],[79.85431,6.93983],[79.85425,6.93905],[79.85352,6.93881],[79.85328,6.93965],[79.85353,6.93972],[79.85342,6.94069],[79.85308,6.94074],[79.8551,6.94433],[79.85544,6.94445],[79.85564,6.94472],[79.8565,6.94675],[79.85812,6.9464]]]}},{"type":"Feature","properties":{"pcode":"LK1203025","gn":"Daluwakotuwa","ds":"Negombo","district":"Gampaha"},"geometry":{"type":"Polygon","coordinates":[[[79.8564,7.25989],[79.85591,7.2578],[79.85549,7.25467],[79.85531,7.25422],[79.85493,7.25365],[79.85412,7.25347],[79.85341,7.25287],[79.85206,7.25017],[79.85174,7.24907],[79.85091,7.24749],[79.84939,7.24567],[79.8488,7.24746],[79.84738,7.25076],[79.84748,7.2508],[79.84708,7.25203],[79.84727,7.25213],[79.84684,7.25333],[79.84664,7.25456],[79.84633,7.25497],[79.84602,7.25575],[79.84604,7.25591],[79.84568,7.25688],[79.84568,7.2573],[79.84536,7.25798],[79.84527,7.25853],[79.84857,7.25932],[79.85151,7.2596],[79.85213,7.25954],[79.85325,7.25901],[79.85353,7.25901],[79.85417,7.25947],[79.85482,7.25945],[79.85527,7.2602],[79.8564,7.25989]]]}},{"type":"Feature","properties":{"pcode":"LK1321035","gn":"Melegama South","ds":"Kalutara","district":"Kalutara"},"geometry":{"type":"Polygon","coordinates":[[[79.94132,6.67014],[79.94436,6.66948],[79.94549,6.66908],[79.94686,6.6681],[79.94828,6.66741],[79.94893,6.66649],[79.95028,6.66525],[79.95168,6.66473],[79.95292,6.66462],[79.95416,6.6652],[79.9556,6.66549],[79.95796,6.66551],[79.95724,6.66463],[79.9571,6.66338],[79.95621,6.66237],[79.95556,6.66184],[79.95495,6.66094],[79.95477,6.66033],[79.95406,6.65985],[79.95388,6.65907],[79.95265,6.65718],[79.95179,6.65522],[79.95109,6.65548],[79.95119,6.65593],[79.95017,6.65608],[79.95043,6.65623],[79.95047,6.65697],[79.95031,6.65711],[79.95043,6.65733],[79.95177,6.65896],[79.95173,6.65951],[79.95215,6.66069],[79.95213,6.66162],[79.95138,6.66321],[79.95048,6.66314],[79.94995,6.6629],[79.9499,6.66271],[79.94957,6.66266],[79.94945,6.66358],[79.94949,6.66425],[79.94939,6.66436],[79.94932,6.66521],[79.94904,6.6659],[79.94876,6.66588],[79.9485,6.66549],[79.94846,6.6651],[79.94402,6.66662],[79.94195,6.66752],[79.94048,6.66778],[79.94006,6.66796],[79.94005,6.66904],[79.94029,6.67003],[79.94132,6.67014]]]}},{"type":"Feature","properties":{"pcode":"LK1103050","gn":"Kotahena West","ds":"Colombo","district":"Colombo"},"geometry":{"type":"Polygon","coordinates":[[[79.86283,6.95157],[79.86291,6.95074],[79.86279,6.94983],[79.86218,6.94734],[79.86177,6.94697],[79.86157,6.94577],[79.85956,6.94603],[79.8565,6.94675],[79.85666,6.94814],[79.85717,6.95011],[79.85757,6.94991],[79.85895,6.94965],[79.85903,6.95],[79.85932,6.94995],[79.85931,6.95005],[79.8596,6.95004],[79.85974,6.95017],[79.8603,6.95009],[79.86067,6.95181],[79.86121,6.95223],[79.86162,6.95225],[79.86263,6.95177],[79.86283,6.95157]]]}},{"type":"Feature","properties":{"pcode":"LK1203020","gn":"Pallansena South","ds":"Negombo","district":"Gampaha"},"geometry":{"type":"Polygon","coordinates":[[[79.85527,7.2602],[79.85482,7.25945],[79.85417,7.25947],[79.85353,7.25901],[79.85325,7.25901],[79.85213,7.25954],[79.85151,7.2596],[79.84857,7.25932],[79.84639,7.25873],[79.84511,7.25851],[79.84385,7.25839],[79.84377,7.25854],[79.84391,7.26001],[79.84443,7.26142],[79.84438,7.26205],[79.8448,7.26212],[79.84507,7.26231],[79.84596,7.26326],[79.84744,7.26421],[79.84792,7.26427],[79.84886,7.26405],[79.84927,7.26407],[79.85004,7.26465],[79.85078,7.26493],[79.85161,7.26513],[79.85239,7.26516],[79.85322,7.2654],[79.85319,7.26388],[79.85527,7.2602]]]}},{"type":"Feature","properties":{"pcode":"LK1103045","gn":"Kotahena East","ds":"Colombo","district":"Colombo"},"geometry":{"type":"Polygon","coordinates":[[[79.86695,6.94747],[79.86507,6.94591],[79.86481,6.94549],[79.86451,6.94438],[79.86412,6.94397],[79.86354,6.94576],[79.86157,6.94577],[79.86179,6.94702],[79.86218,6.94734],[79.86284,6.95014],[79.86294,6.95383],[79.86321,6.95459],[79.86353,6.95492],[79.86397,6.95439],[79.86386,6.95414],[79.86418,6.95369],[79.86497,6.95294],[79.86584,6.95246],[79.86572,6.95173],[79.86592,6.95177],[79.86593,6.95168],[79.86501,6.94866],[79.86566,6.9485],[79.86557,6.94807],[79.86582,6.94779],[79.86658,6.94769],[79.86667,6.94754],[79.86695,6.94747]]]}},{"type":"Feature","properties":{"pcode":"LK1203015","gn":"Kochchikade","ds":"Negombo","district":"Gampaha"},"geometry":{"type":"Polygon","coordinates":[[[79.85845,7.27083],[79.85946,7.27009],[79.86025,7.26993],[79.86095,7.27004],[79.86112,7.26919],[79.86141,7.26902],[79.86138,7.26845],[79.86184,7.2676],[79.86166,7.26697],[79.86143,7.2666],[79.86165,7.266],[79.86176,7.2651],[79.86231,7.26487],[79.86234,7.26422],[79.86272,7.26359],[79.86276,7.26285],[79.86295,7.26277],[79.8629,7.26251],[79.86139,7.26198],[79.86086,7.26159],[79.86018,7.26162],[79.85954,7.26139],[79.85884,7.26048],[79.85856,7.25978],[79.85693,7.25976],[79.85554,7.26007],[79.85523,7.26022],[79.85506,7.26044],[79.85442,7.26175],[79.85405,7.26226],[79.85374,7.26306],[79.85319,7.26388],[79.85322,7.2654],[79.85441,7.26561],[79.85698,7.26548],[79.85741,7.26719],[79.85734,7.26763],[79.85688,7.2682],[79.85715,7.26995],[79.85692,7.27038],[79.85722,7.27044],[79.85765,7.27028],[79.85806,7.27042],[79.85845,7.27083]]]}},{"type":"Feature","properties":{"pcode":"LK1103040","gn":"Bloemendhal","ds":"Colombo","district":"Colombo"},"geometry":{"type":"Polygon","coordinates":[[[79.86219,6.95635],[79.87532,6.9561],[79.87509,6.95457],[79.87479,6.95359],[79.87572,6.95308],[79.87484,6.95218],[79.8747,6.951],[79.87416,6.95104],[79.87232,6.94937],[79.87237,6.94916],[79.871,6.94697],[79.87048,6.94657],[79.86812,6.94574],[79.86888,6.9464],[79.86695,6.94748],[79.86667,6.94754],[79.86658,6.94769],[79.86582,6.94779],[79.86557,6.94807],[79.86566,6.9485],[79.86501,6.94866],[79.86593,6.95168],[79.86592,6.95177],[79.86572,6.95173],[79.86582,6.95249],[79.86497,6.95294],[79.86411,6.95377],[79.86386,6.95414],[79.86397,6.95439],[79.86353,6.95492],[79.86373,6.95515],[79.86348,6.95532],[79.86331,6.95522],[79.863,6.95541],[79.86198,6.95551],[79.86219,6.95635]]]}},{"type":"Feature","properties":{"pcode":"LK1203050","gn":"Dalupotha East","ds":"Negombo","district":"Gampaha"},"geometry":{"type":"Polygon","coordinates":[[[79.86702,7.23313],[79.8634,7.23127],[79.86439,7.22911],[79.86465,7.22799],[79.86494,7.22745],[79.86531,7.22551],[79.86519,7.22535],[79.86368,7.22495],[79.86265,7.22426],[79.86201,7.22487],[79.86119,7.22475],[79.86047,7.225],[79.86009,7.22484],[79.8599,7.22454],[79.85964,7.22462],[79.85985,7.22408],[79.85915,7.22376],[79.85917,7.22413],[79.85871,7.22485],[79.85696,7.22463],[79.85677,7.22506],[79.85656,7.22624],[79.85603,7.22724],[79.85529,7.22968],[79.85404,7.23204],[79.86132,7.23579],[79.86325,7.23667],[79.86412,7.23728],[79.86438,7.23676],[79.8649,7.23611],[79.86601,7.23578],[79.86605,7.23566],[79.86583,7.23516],[79.86702,7.23313]]]}},{"type":"Feature","properties":{"pcode":"LK1203045","gn":"Kattuwa","ds":"Negombo","district":"Gampaha"},"geometry":{"type":"Polygon","coordinates":[[[79.84935,7.24577],[79.84963,7.24503],[79.85013,7.24436],[79.85043,7.2434],[79.85049,7.24258],[79.85096,7.2407],[79.85215,7.24118],[79.85279,7.24168],[79.85394,7.24225],[79.85462,7.24247],[79.85875,7.23447],[79.85245,7.23116],[79.85233,7.2305],[79.85165,7.22946],[79.85159,7.22866],[79.85106,7.22809],[79.85101,7.22715],[79.85058,7.22615],[79.84976,7.22821],[79.84925,7.23041],[79.84849,7.23091],[79.84837,7.23216],[79.84696,7.23881],[79.84663,7.23945],[79.84588,7.24024],[79.84666,7.24071],[79.8475,7.24091],[79.84768,7.23948],[79.84812,7.23852],[79.84822,7.23901],[79.84918,7.23981],[79.84945,7.24033],[79.84949,7.24073],[79.84872,7.24343],[79.84856,7.24494],[79.84872,7.24526],[79.84935,7.24577]]]}},{"type":"Feature","properties":{"pcode":"LK1103070","gn":"New Bazaar","ds":"Colombo","district":"Colombo"},"geometry":{"type":"Polygon","coordinates":[[[79.86933,6.94612],[79.86973,6.94557],[79.86905,6.9453],[79.86912,6.9449],[79.8689,6.94478],[79.86926,6.9441],[79.86952,6.94422],[79.86975,6.94388],[79.86953,6.94367],[79.8682,6.94313],[79.86882,6.9414],[79.86994,6.94081],[79.87052,6.94024],[79.87031,6.93952],[79.87023,6.93931],[79.86884,6.93773],[79.86804,6.93746],[79.86633,6.93633],[79.86629,6.93876],[79.86444,6.94285],[79.86407,6.94397],[79.86428,6.94406],[79.86451,6.94438],[79.86481,6.94549],[79.86507,6.94591],[79.86695,6.94747],[79.86888,6.9464],[79.8681,6.94575],[79.86933,6.94612]]]}},{"type":"Feature","properties":{"pcode":"LK1203040","gn":"Daluwakotuwa East","ds":"Negombo","district":"Gampaha"},"geometry":{"type":"Polygon","coordinates":[[[79.86101,7.24004],[79.86076,7.23925],[79.86052,7.239],[79.85842,7.23833],[79.85726,7.23747],[79.85462,7.24247],[79.85394,7.24225],[79.85279,7.24168],[79.85215,7.24118],[79.85096,7.2407],[79.85049,7.24258],[79.85043,7.2434],[79.85013,7.24436],[79.84963,7.24503],[79.84939,7.24567],[79.85091,7.24749],[79.85174,7.24907],[79.85206,7.25017],[79.85331,7.25269],[79.85366,7.25318],[79.85412,7.25347],[79.85493,7.25365],[79.85536,7.25337],[79.85599,7.25136],[79.85614,7.25043],[79.85688,7.24911],[79.85722,7.24786],[79.85753,7.24756],[79.85794,7.24741],[79.85836,7.24551],[79.85852,7.24525],[79.85862,7.24438],[79.85894,7.24413],[79.85939,7.24401],[79.85967,7.24374],[79.86001,7.24364],[79.85977,7.24319],[79.85952,7.24314],[79.85924,7.24261],[79.8593,7.24184],[79.85981,7.24169],[79.86009,7.24146],[79.86036,7.24076],[79.861,7.2403],[79.86085,7.24001],[79.86101,7.24004]]]}},{"type":"Feature","properties":{"pcode":"LK1321210","gn":"Malwatta","ds":"Kalutara","district":"Kalutara"},"geometry":{"type":"Polygon","coordinates":[[[79.97292,6.61172],[79.97255,6.61147],[79.97181,6.61127],[79.97068,6.61125],[79.9696,6.61084],[79.96818,6.61052],[79.96791,6.61101],[79.96789,6.61136],[79.96743,6.61159],[79.96644,6.61117],[79.96628,6.61147],[79.96632,6.61182],[79.96618,6.61232],[79.96531,6.61355],[79.96508,6.61497],[79.96433,6.61607],[79.96526,6.61707],[79.96581,6.61693],[79.96651,6.61649],[79.96712,6.61642],[79.96862,6.61515],[79.96876,6.61487],[79.96882,6.61403],[79.96954,6.61276],[79.97084,6.61212],[79.97261,6.61197],[79.97292,6.61172]]]}},{"type":"Feature","properties":{"pcode":"LK1321205","gn":"Vilegoda North","ds":"Kalutara","district":"Kalutara"},"geometry":{"type":"Polygon","coordinates":[[[79.96341,6.60774],[79.96323,6.60728],[79.96195,6.60769],[79.96044,6.60838],[79.95996,6.60787],[79.96023,6.60742],[79.96053,6.60635],[79.96084,6.60594],[79.96086,6.60546],[79.9603,6.60542],[79.95924,6.60403],[79.9582,6.60388],[79.95777,6.60432],[79.95766,6.60466],[79.95749,6.60471],[79.95729,6.60522],[79.95674,6.60805],[79.95605,6.60796],[79.95599,6.60818],[79.95513,6.60815],[79.95516,6.60841],[79.95504,6.60825],[79.95474,6.60824],[79.95484,6.60862],[79.95519,6.60879],[79.95543,6.60914],[79.95525,6.60966],[79.95444,6.61009],[79.95396,6.61074],[79.95323,6.6103],[79.95289,6.61082],[79.9528,6.61118],[79.95405,6.61189],[79.95441,6.6114],[79.955,6.61136],[79.95534,6.61095],[79.95568,6.6108],[79.95645,6.61135],[79.9569,6.61149],[79.95743,6.61152],[79.95837,6.61131],[79.95873,6.61218],[79.95943,6.61297],[79.96128,6.61427],[79.96203,6.61459],[79.96225,6.61449],[79.96252,6.61412],[79.96283,6.61422],[79.96395,6.61189],[79.96396,6.6114],[79.96382,6.61099],[79.96389,6.61045],[79.96365,6.61012],[79.96249,6.60926],[79.96316,6.60778],[79.96341,6.60774]]]}},{"type":"Feature","properties":{"pcode":"LK1103065","gn":"Masangasweediya","ds":"Colombo","district":"Colombo"},"geometry":{"type":"Polygon","coordinates":[[[79.86106,6.94577],[79.86354,6.94576],[79.86433,6.94309],[79.8653,6.94097],[79.86277,6.94023],[79.86057,6.93938],[79.85901,6.93914],[79.85887,6.93992],[79.85879,6.93991],[79.85809,6.9418],[79.85858,6.94188],[79.85951,6.94183],[79.85979,6.94166],[79.86224,6.94256],[79.86106,6.94577]]]}},{"type":"Feature","properties":{"pcode":"LK1203035","gn":"Ettukala","ds":"Negombo","district":"Gampaha"},"geometry":{"type":"Polygon","coordinates":[[[79.84075,7.2358],[79.84101,7.23774],[79.84099,7.23966],[79.84135,7.24268],[79.84149,7.24582],[79.84218,7.24577],[79.84357,7.24608],[79.84373,7.24599],[79.84481,7.24655],[79.8451,7.24572],[79.84506,7.24216],[79.84575,7.24043],[79.84663,7.23945],[79.84696,7.23881],[79.84797,7.23384],[79.84693,7.23363],[79.84631,7.2336],[79.84598,7.23372],[79.84513,7.23362],[79.84513,7.23376],[79.84457,7.23389],[79.84435,7.23414],[79.84417,7.23465],[79.84377,7.23493],[79.84186,7.23482],[79.84147,7.23495],[79.84124,7.23534],[79.84096,7.23522],[79.84079,7.23528],[79.84075,7.2358]]]}},{"type":"Feature","properties":{"pcode":"LK1321200","gn":"Mahawaskaduwa North","ds":"Kalutara","district":"Kalutara"},"geometry":{"type":"Polygon","coordinates":[[[79.94533,6.615],[79.94384,6.6181],[79.9455,6.61863],[79.94711,6.6193],[79.94708,6.61937],[79.94724,6.61945],[79.94785,6.61954],[79.94881,6.61993],[79.94934,6.61981],[79.94979,6.61989],[79.94996,6.6191],[79.94984,6.61902],[79.94984,6.61862],[79.95012,6.61836],[79.95046,6.61833],[79.95081,6.61814],[79.95135,6.61746],[79.95164,6.61666],[79.95084,6.6164],[79.94938,6.61555],[79.94843,6.61538],[79.94827,6.6158],[79.94811,6.61575],[79.94812,6.61562],[79.94724,6.61524],[79.94703,6.61564],[79.94533,6.615]]]}},{"type":"Feature","properties":{"pcode":"LK1103060","gn":"Jinthupitiya","ds":"Colombo","district":"Colombo"},"geometry":{"type":"Polygon","coordinates":[[[79.86106,6.94577],[79.86224,6.94256],[79.85992,6.94169],[79.85951,6.94183],[79.85858,6.94188],[79.85617,6.94135],[79.85611,6.94167],[79.8558,6.94185],[79.85648,6.9434],[79.85732,6.94314],[79.85902,6.94304],[79.85913,6.94311],[79.85812,6.9464],[79.86106,6.94577]]]}},{"type":"Feature","properties":{"pcode":"LK1203070","gn":"Kudapaduwa South","ds":"Negombo","district":"Gampaha"},"geometry":{"type":"Polygon","coordinates":[[[79.844,7.22986],[79.84749,7.22235],[79.84495,7.21933],[79.84339,7.22247],[79.84413,7.22432],[79.84342,7.22448],[79.84162,7.2244],[79.84022,7.22452],[79.84073,7.22593],[79.84074,7.2271],[79.84277,7.22715],[79.84274,7.22856],[79.84266,7.22899],[79.84236,7.22957],[79.84248,7.22989],[79.844,7.22986]]]}},{"type":"Feature","properties":{"pcode":"LK1321235","gn":"Botnikwatta","ds":"Kalutara","district":"Kalutara"},"geometry":{"type":"Polygon","coordinates":[[[79.96195,6.60769],[79.96427,6.60683],[79.96492,6.60575],[79.96574,6.6052],[79.96655,6.60422],[79.96728,6.60355],[79.96672,6.60183],[79.96607,6.6025],[79.9657,6.60253],[79.96541,6.60271],[79.96483,6.60229],[79.96369,6.60202],[79.96334,6.60171],[79.96274,6.60145],[79.96225,6.60135],[79.96198,6.60154],[79.96123,6.60124],[79.96067,6.60248],[79.96001,6.60336],[79.95969,6.60348],[79.9587,6.60323],[79.95833,6.60326],[79.95815,6.60341],[79.95749,6.60471],[79.95766,6.60466],[79.95777,6.60432],[79.95816,6.60389],[79.95912,6.604],[79.9603,6.60542],[79.96086,6.60546],[79.96084,6.60594],[79.96053,6.60635],[79.96023,6.60742],[79.95996,6.60787],[79.96044,6.60838],[79.96195,6.60769]]]}},{"type":"Feature","properties":{"pcode":"LK1203065","gn":"Kudapaduwa North","ds":"Negombo","district":"Gampaha"},"geometry":{"type":"Polygon","coordinates":[[[79.84004,7.22984],[79.84036,7.23133],[79.84036,7.23258],[79.84075,7.2358],[79.84079,7.23528],[79.84096,7.23522],[79.84124,7.23534],[79.84147,7.23495],[79.84186,7.23482],[79.84377,7.23493],[79.84417,7.23465],[79.84435,7.23414],[79.84457,7.23389],[79.84513,7.23376],[79.84513,7.23362],[79.84598,7.23372],[79.84631,7.2336],[79.84693,7.23363],[79.84793,7.23377],[79.848,7.23393],[79.84804,7.23321],[79.84536,7.22704],[79.844,7.22986],[79.843,7.2299],[79.84248,7.22989],[79.84236,7.22957],[79.84266,7.22899],[79.84274,7.22856],[79.84277,7.22715],[79.84074,7.2271],[79.84098,7.22958],[79.84025,7.22968],[79.84004,7.22984]]]}},{"type":"Feature","properties":{"pcode":"LK1203060","gn":"Kudapaduwa","ds":"Negombo","district":"Gampaha"},"geometry":{"type":"Polygon","coordinates":[[[79.85058,7.22615],[79.84969,7.22491],[79.84749,7.22235],[79.84536,7.22704],[79.84804,7.23321],[79.84803,7.23384],[79.84837,7.23216],[79.84849,7.23091],[79.84925,7.23041],[79.84976,7.22821],[79.85058,7.22615]]]}},{"type":"Feature","properties":{"pcode":"LK1321230","gn":"Jawatta","ds":"Kalutara","district":"Kalutara"},"geometry":{"type":"Polygon","coordinates":[[[79.96818,6.61052],[79.967,6.6102],[79.96641,6.60941],[79.96524,6.60831],[79.9647,6.60817],[79.96438,6.60795],[79.96341,6.60773],[79.96316,6.60778],[79.96249,6.60926],[79.96365,6.61012],[79.96389,6.61045],[79.96382,6.61099],[79.96396,6.6114],[79.96395,6.61189],[79.96283,6.61422],[79.96252,6.61412],[79.96225,6.61449],[79.96203,6.61459],[79.96304,6.61492],[79.96433,6.61607],[79.96508,6.61497],[79.96531,6.61355],[79.96618,6.61232],[79.96632,6.61182],[79.96628,6.61147],[79.96643,6.61119],[79.96743,6.61159],[79.96789,6.61136],[79.96791,6.61101],[79.96818,6.61052]]]}},{"type":"Feature","properties":{"pcode":"LK1203055","gn":"Dalupotha","ds":"Negombo","district":"Gampaha"},"geometry":{"type":"Polygon","coordinates":[[[79.85677,7.22506],[79.8571,7.22396],[79.85666,7.22383],[79.85567,7.22322],[79.8554,7.22385],[79.85194,7.22271],[79.8512,7.22414],[79.8508,7.22582],[79.85058,7.22615],[79.85101,7.22715],[79.85106,7.22809],[79.85159,7.22866],[79.85165,7.22946],[79.85233,7.2305],[79.85245,7.23116],[79.85404,7.23204],[79.85529,7.22968],[79.85603,7.22724],[79.85656,7.22624],[79.85677,7.22506]]]}},{"type":"Feature","properties":{"pcode":"LK1203090","gn":"Hunupitiya","ds":"Negombo","district":"Gampaha"},"geometry":{"type":"Polygon","coordinates":[[[79.85194,7.22271],[79.8529,7.2213],[79.8532,7.2199],[79.85381,7.21862],[79.85415,7.21757],[79.8505,7.21583],[79.84749,7.22235],[79.84969,7.22491],[79.85058,7.22615],[79.8508,7.22582],[79.8512,7.22414],[79.85194,7.22271]]]}},{"type":"Feature","properties":{"pcode":"LK1321255","gn":"Vidyasara","ds":"Kalutara","district":"Kalutara"},"geometry":{"type":"Polygon","coordinates":[[[79.95254,6.6085],[79.95602,6.60113],[79.95788,6.5983],[79.95677,6.59788],[79.95629,6.59755],[79.9554,6.59748],[79.9552,6.59853],[79.95402,6.60018],[79.95344,6.60167],[79.95248,6.6033],[79.95197,6.60475],[79.95039,6.60768],[79.95254,6.6085]]]}},{"type":"Feature","properties":{"pcode":"LK1203085","gn":"Periyamulla","ds":"Negombo","district":"Gampaha"},"geometry":{"type":"Polygon","coordinates":[[[79.8505,7.21583],[79.83937,7.21058],[79.83855,7.21101],[79.83889,7.21185],[79.83978,7.21318],[79.84749,7.22235],[79.8505,7.21583]]]}},{"type":"Feature","properties":{"pcode":"LK1321250","gn":"Deshasthra Kalutara West","ds":"Kalutara","district":"Kalutara"},"geometry":{"type":"Polygon","coordinates":[[[79.95175,6.59668],[79.95127,6.59867],[79.9509,6.59948],[79.95091,6.59996],[79.95039,6.60187],[79.94899,6.60451],[79.94898,6.60498],[79.94841,6.60699],[79.95039,6.60768],[79.95197,6.60475],[79.95248,6.6033],[79.95344,6.60167],[79.95402,6.60018],[79.9552,6.59853],[79.9554,6.59748],[79.95355,6.59718],[79.95273,6.59688],[79.95226,6.59653],[79.95175,6.59668]]]}},{"type":"Feature","properties":{"pcode":"LK1203080","gn":"Wellaweediya East","ds":"Negombo","district":"Gampaha"},"geometry":{"type":"Polygon","coordinates":[[[79.84495,7.21933],[79.84231,7.21616],[79.84194,7.21734],[79.84132,7.21767],[79.84004,7.21809],[79.84094,7.22041],[79.84017,7.22307],[79.8401,7.22374],[79.84022,7.22452],[79.84162,7.2244],[79.84342,7.22448],[79.84413,7.22432],[79.84339,7.22247],[79.84495,7.21933]]]}},{"type":"Feature","properties":{"pcode":"LK1321245","gn":"Deshasthra Kalutara","ds":"Kalutara","district":"Kalutara"},"geometry":{"type":"Polygon","coordinates":[[[79.957,6.60633],[79.95783,6.60394],[79.95833,6.60326],[79.9587,6.60323],[79.95969,6.60348],[79.96012,6.60325],[79.96081,6.60223],[79.96277,6.59794],[79.96315,6.59753],[79.96298,6.59739],[79.96128,6.59652],[79.96001,6.59632],[79.9597,6.59753],[79.95908,6.59864],[79.95808,6.59799],[79.95602,6.60113],[79.95263,6.60833],[79.9534,6.6084],[79.95495,6.60823],[79.95516,6.60841],[79.95513,6.60815],[79.95599,6.60818],[79.95605,6.60796],[79.95674,6.60805],[79.957,6.60633]]]}},{"type":"Feature","properties":{"pcode":"LK1203075","gn":"Wellaweediya","ds":"Negombo","district":"Gampaha"},"geometry":{"type":"Polygon","coordinates":[[[79.83561,7.21478],[79.83632,7.21579],[79.83766,7.21849],[79.83772,7.21884],[79.83759,7.219],[79.83777,7.219],[79.83804,7.21946],[79.83808,7.21989],[79.83789,7.22004],[79.83806,7.2201],[79.83827,7.22063],[79.83833,7.22098],[79.83823,7.22113],[79.83838,7.22117],[79.83855,7.22188],[79.83846,7.22207],[79.8386,7.22213],[79.83877,7.22319],[79.83915,7.22418],[79.83921,7.22593],[79.83951,7.22593],[79.83939,7.22654],[79.84002,7.22978],[79.84098,7.22958],[79.84078,7.22787],[79.84073,7.22593],[79.84024,7.2246],[79.8401,7.22365],[79.84027,7.22262],[79.84094,7.22041],[79.84087,7.22017],[79.83935,7.21632],[79.83817,7.21689],[79.837,7.2152],[79.83626,7.21436],[79.83561,7.21478]]]}},{"type":"Feature","properties":{"pcode":"LK1321240","gn":"Kalutara North","ds":"Kalutara","district":"Kalutara"},"geometry":{"type":"Polygon","coordinates":[[[79.95943,6.5713],[79.95965,6.57142],[79.95988,6.57192],[79.95911,6.57249],[79.95809,6.57387],[79.95607,6.58144],[79.95591,6.58283],[79.95551,6.58465],[79.9549,6.58641],[79.95425,6.58774],[79.95356,6.59017],[79.95327,6.59067],[79.95264,6.59395],[79.95175,6.59668],[79.95226,6.59653],[79.95273,6.59688],[79.95355,6.59718],[79.9554,6.59748],[79.95582,6.59594],[79.95658,6.59448],[79.95773,6.59455],[79.95904,6.59435],[79.95971,6.58745],[79.9588,6.58741],[79.95736,6.5869],[79.95741,6.58407],[79.95798,6.58174],[79.95846,6.58063],[79.95916,6.5793],[79.96063,6.57707],[79.96226,6.5739],[79.96267,6.57225],[79.96248,6.57078],[79.96251,6.56958],[79.96189,6.56964],[79.96058,6.57009],[79.96016,6.57043],[79.95993,6.57094],[79.95943,6.5713]]]}},{"type":"Feature","properties":{"pcode":"LK1321275","gn":"Welapura","ds":"Kalutara","district":"Kalutara"},"geometry":{"type":"Polygon","coordinates":[[[79.96606,6.58549],[79.96641,6.58338],[79.96655,6.58316],[79.96678,6.58304],[79.96756,6.58304],[79.96843,6.58236],[79.9684,6.58097],[79.9687,6.58055],[79.96715,6.58035],[79.9662,6.57984],[79.96575,6.57984],[79.96554,6.57916],[79.96567,6.57885],[79.96501,6.57796],[79.96487,6.5768],[79.96417,6.57743],[79.96309,6.57767],[79.96293,6.57779],[79.96306,6.57836],[79.96368,6.57912],[79.96348,6.58185],[79.96319,6.58322],[79.96348,6.58396],[79.96378,6.58544],[79.96411,6.58594],[79.96417,6.58644],[79.96402,6.58777],[79.96346,6.58999],[79.96282,6.59138],[79.96405,6.59238],[79.96421,6.59064],[79.96457,6.58957],[79.96498,6.58895],[79.96555,6.58741],[79.96601,6.58672],[79.96627,6.58601],[79.96608,6.58574],[79.96606,6.58549]]]}},{"type":"Feature","properties":{"pcode":"LK1321270","gn":"Palathota","ds":"Kalutara","district":"Kalutara"},"geometry":{"type":"Polygon","coordinates":[[[79.9678,6.59624],[79.96899,6.59509],[79.9698,6.59459],[79.97044,6.59443],[79.97143,6.59335],[79.97165,6.59329],[79.97154,6.59278],[79.97222,6.59245],[79.97236,6.59267],[79.97272,6.59255],[79.97263,6.5922],[79.97204,6.59247],[79.97171,6.59234],[79.97152,6.5927],[79.97138,6.59224],[79.97231,6.58854],[79.97222,6.58713],[79.97194,6.58684],[79.97105,6.58705],[79.97079,6.58753],[79.97055,6.5875],[79.97028,6.58727],[79.97005,6.58774],[79.96915,6.58746],[79.96898,6.58691],[79.9694,6.58647],[79.96926,6.5863],[79.96952,6.58593],[79.96924,6.5855],[79.96895,6.58586],[79.96856,6.58583],[79.96822,6.58645],[79.96792,6.58649],[79.96742,6.58576],[79.96744,6.58553],[79.96788,6.58476],[79.96782,6.58465],[79.9663,6.58437],[79.96606,6.58549],[79.96608,6.58574],[79.96627,6.58601],[79.96601,6.58672],[79.96555,6.58741],[79.96498,6.58895],[79.96457,6.58957],[79.96421,6.59064],[79.96405,6.59238],[79.96518,6.59319],[79.96651,6.59505],[79.9678,6.59624]]]}},{"type":"Feature","properties":{"pcode":"LK1321265","gn":"Ethanamadala","ds":"Kalutara","district":"Kalutara"},"geometry":{"type":"Polygon","coordinates":[[[79.97515,6.60543],[79.97452,6.6044],[79.97284,6.60304],[79.97294,6.60307],[79.97182,6.60173],[79.97093,6.6004],[79.97059,6.59866],[79.96993,6.59783],[79.96729,6.59587],[79.96651,6.59505],[79.96518,6.59319],[79.96452,6.59272],[79.96388,6.59418],[79.96369,6.59529],[79.96425,6.59659],[79.96415,6.59679],[79.96277,6.59794],[79.96123,6.60124],[79.96198,6.60154],[79.96225,6.60135],[79.96274,6.60145],[79.96334,6.60171],[79.96369,6.60202],[79.96483,6.60229],[79.96541,6.60271],[79.9657,6.60253],[79.96607,6.6025],[79.96672,6.60183],[79.96728,6.60355],[79.96655,6.60422],[79.96574,6.6052],[79.96492,6.60575],[79.96427,6.60683],[79.96323,6.60728],[79.96341,6.60774],[79.96438,6.60795],[79.9647,6.60817],[79.96524,6.60831],[79.96641,6.60941],[79.96711,6.61025],[79.9696,6.61084],[79.97068,6.61125],[79.97181,6.61127],[79.97255,6.61147],[79.97292,6.61172],[79.97324,6.61117],[79.97331,6.61062],[79.97376,6.60952],[79.97379,6.6085],[79.9734,6.60771],[79.97366,6.60717],[79.9735,6.60681],[79.97357,6.60629],[79.97375,6.6063],[79.97515,6.60543]]]}},{"type":"Feature","properties":{"pcode":"LK1321260","gn":"Thotupala","ds":"Kalutara","district":"Kalutara"},"geometry":{"type":"Polygon","coordinates":[[[79.96315,6.59753],[79.96415,6.59679],[79.96425,6.59659],[79.96369,6.59529],[79.96388,6.59418],[79.96452,6.59272],[79.96318,6.59158],[79.96245,6.59119],[79.96208,6.59102],[79.96017,6.59072],[79.95947,6.59033],[79.95904,6.59435],[79.95773,6.59455],[79.95658,6.59448],[79.95582,6.59594],[79.9554,6.59748],[79.95629,6.59755],[79.95677,6.59788],[79.95788,6.5983],[79.95808,6.59799],[79.95908,6.59864],[79.9597,6.59753],[79.96001,6.59632],[79.96128,6.59652],[79.96315,6.59753]]]}},{"type":"Feature","properties":{"pcode":"LK1321135","gn":"Kuda Waskaduwa East","ds":"Kalutara","district":"Kalutara"},"geometry":{"type":"Polygon","coordinates":[[[79.95698,6.62724],[79.95736,6.62394],[79.95793,6.62229],[79.95644,6.62148],[79.95629,6.62115],[79.9566,6.62098],[79.95642,6.62098],[79.95571,6.61994],[79.95476,6.62124],[79.95348,6.62489],[79.9528,6.62554],[79.95273,6.62606],[79.95286,6.62683],[79.95266,6.62692],[79.95134,6.62694],[79.95131,6.6276],[79.94967,6.62758],[79.94898,6.62829],[79.94845,6.62859],[79.94883,6.6293],[79.94968,6.62989],[79.95003,6.62995],[79.95028,6.63039],[79.95009,6.63084],[79.9504,6.63106],[79.9501,6.63182],[79.95004,6.63251],[79.95112,6.63316],[79.95124,6.63367],[79.95159,6.6335],[79.9521,6.63345],[79.95362,6.63353],[79.95395,6.63345],[79.95443,6.63213],[79.95458,6.63204],[79.9557,6.63205],[79.95724,6.63173],[79.95724,6.62975],[79.95699,6.62897],[79.95698,6.62724]]]}},{"type":"Feature","properties":{"pcode":"LK1321130","gn":"Kuda Waskaduwa North","ds":"Kalutara","district":"Kalutara"},"geometry":{"type":"Polygon","coordinates":[[[79.95066,6.6365],[79.95083,6.63593],[79.95098,6.63591],[79.95106,6.63402],[79.95124,6.63385],[79.95123,6.63341],[79.95112,6.63316],[79.95018,6.63267],[79.94998,6.63241],[79.9504,6.63106],[79.95009,6.63084],[79.95028,6.63039],[79.95019,6.63021],[79.95003,6.62995],[79.94968,6.62989],[79.94883,6.6293],[79.94845,6.62859],[79.94909,6.6282],[79.94959,6.62762],[79.95025,6.62756],[79.95046,6.62742],[79.95001,6.62734],[79.94951,6.62674],[79.94913,6.62675],[79.94919,6.62713],[79.94888,6.62728],[79.94863,6.62716],[79.94889,6.62707],[79.94887,6.62672],[79.94843,6.62668],[79.94831,6.62687],[79.94706,6.62623],[79.94673,6.62642],[79.94406,6.62577],[79.94355,6.62779],[79.94203,6.63183],[79.94244,6.63197],[79.9425,6.6323],[79.94307,6.63173],[79.9434,6.6316],[79.94354,6.63099],[79.94366,6.63086],[79.94423,6.63079],[79.94511,6.63106],[79.9455,6.63147],[79.94562,6.63215],[79.94547,6.63221],[79.94515,6.63205],[79.94479,6.63216],[79.94463,6.63234],[79.94447,6.63275],[79.94473,6.63324],[79.9441,6.63475],[79.94456,6.63494],[79.94531,6.63483],[79.94737,6.63572],[79.94766,6.63601],[79.94778,6.63644],[79.94813,6.6366],[79.94942,6.63666],[79.9499,6.63639],[79.95045,6.63639],[79.95066,6.6365]],[[79.94762,6.63172],[79.94869,6.63263],[79.94826,6.63284],[79.94851,6.63323],[79.94825,6.63347],[79.94783,6.63343],[79.94755,6.6327],[79.94753,6.63183],[79.94762,6.63172]]]}},{"type":"Feature","properties":{"pcode":"LK1321125","gn":"Kuda Waskaduwa West","ds":"Kalutara","district":"Kalutara"},"geometry":{"type":"Polygon","coordinates":[[[79.94382,6.61816],[79.94164,6.62333],[79.94029,6.62691],[79.93932,6.63005],[79.93854,6.63198],[79.93892,6.63214],[79.94011,6.63247],[79.94023,6.63222],[79.94109,6.63232],[79.94157,6.63164],[79.94203,6.63183],[79.94355,6.62779],[79.94432,6.62481],[79.94711,6.6193],[79.94432,6.6182],[79.94423,6.61828],[79.94382,6.61816]]]}},{"type":"Feature","properties":{"pcode":"LK1321120","gn":"Meda Pothupitiya","ds":"Kalutara","district":"Kalutara"},"geometry":{"type":"Polygon","coordinates":[[[79.95114,6.63834],[79.95094,6.63743],[79.94963,6.63782],[79.94943,6.63835],[79.94958,6.63863],[79.94943,6.63883],[79.9488,6.63908],[79.94791,6.63931],[79.94683,6.63901],[79.94632,6.63899],[79.94634,6.63871],[79.94616,6.63862],[79.94598,6.63825],[79.94562,6.63674],[79.94532,6.63623],[79.94528,6.636],[79.9454,6.63583],[79.9453,6.63563],[79.94541,6.63547],[79.94464,6.63504],[79.9425,6.63444],[79.9422,6.6339],[79.94147,6.6334],[79.93997,6.63722],[79.94052,6.63743],[79.94094,6.63779],[79.94254,6.63796],[79.94322,6.63825],[79.94425,6.63849],[79.94525,6.6391],[79.9466,6.6392],[79.9476,6.63965],[79.9498,6.639],[79.95114,6.63834]]]}},{"type":"Feature","properties":{"pcode":"LK1103175","gn":"Wekanda","ds":"Colombo","district":"Colombo"},"geometry":{"type":"Polygon","coordinates":[[[79.85239,6.92298],[79.853,6.92112],[79.85401,6.91884],[79.85471,6.91754],[79.85567,6.91629],[79.85587,6.91583],[79.85596,6.91522],[79.8548,6.91557],[79.85283,6.9165],[79.85133,6.9165],[79.85049,6.91669],[79.85025,6.91739],[79.84945,6.91839],[79.84902,6.92003],[79.84956,6.92073],[79.84979,6.92157],[79.85108,6.92191],[79.85069,6.92384],[79.85239,6.92298]]]}},{"type":"Feature","properties":{"pcode":"LK1103170","gn":"Ibbanwala","ds":"Colombo","district":"Colombo"},"geometry":{"type":"Polygon","coordinates":[[[79.8655,6.92329],[79.86595,6.92195],[79.86628,6.92033],[79.86696,6.91881],[79.86492,6.91776],[79.86484,6.91753],[79.86455,6.9174],[79.86456,6.91717],[79.86384,6.91713],[79.86236,6.91607],[79.86221,6.91608],[79.86214,6.91592],[79.86179,6.91584],[79.85793,6.91364],[79.85653,6.91299],[79.85569,6.91291],[79.85597,6.91506],[79.85587,6.91583],[79.85557,6.91646],[79.85471,6.91754],[79.85407,6.91872],[79.853,6.92112],[79.85239,6.92298],[79.8578,6.92038],[79.85729,6.91911],[79.85742,6.91882],[79.86015,6.91754],[79.86089,6.91893],[79.86142,6.91867],[79.86189,6.9196],[79.8621,6.92101],[79.86252,6.92097],[79.86338,6.92138],[79.86434,6.92166],[79.86466,6.92253],[79.86473,6.92331],[79.8655,6.92329]]]}},{"type":"Feature","properties":{"pcode":"LK1103165","gn":"Maradana","ds":"Colombo","district":"Colombo"},"geometry":{"type":"Polygon","coordinates":[[[79.86394,6.92889],[79.86794,6.92463],[79.86625,6.92359],[79.86596,6.92327],[79.86473,6.92331],[79.86482,6.92401],[79.86519,6.9249],[79.86187,6.92481],[79.8618,6.92649],[79.86202,6.92728],[79.86251,6.92773],[79.86377,6.92813],[79.8637,6.92866],[79.86394,6.92889]]]}},{"type":"Feature","properties":{"pcode":"LK1218035","gn":"Pulluhena","ds":"Wattala","district":"Gampaha"},"geometry":{"type":"Polygon","coordinates":[[[79.85506,7.0871],[79.85572,7.08554],[79.85542,7.08529],[79.85545,7.08498],[79.85524,7.08489],[79.8554,7.08408],[79.85527,7.08384],[79.85533,7.08337],[79.85563,7.08275],[79.856,7.0824],[79.85623,7.08249],[79.85582,7.08087],[79.85544,7.08003],[79.8555,7.07953],[79.85516,7.07941],[79.85534,7.07886],[79.85494,7.07872],[79.85504,7.07819],[79.85555,7.07667],[79.8561,7.07628],[79.85705,7.07455],[79.85704,7.07413],[79.85748,7.07359],[79.8576,7.07241],[79.85784,7.07235],[79.85801,7.0721],[79.85868,7.07209],[79.85873,7.07166],[79.85841,7.07156],[79.85891,7.07066],[79.85874,7.07047],[79.8585,7.07046],[79.85875,7.06987],[79.85799,7.06944],[79.85618,7.06883],[79.8561,7.06872],[79.8543,7.07445],[79.85036,7.08607],[79.8505,7.08594],[79.85254,7.08649],[79.85446,7.08687],[79.85506,7.0871]]]}},{"type":"Feature","properties":{"pcode":"LK1103160","gn":"Maligakanda","ds":"Colombo","district":"Colombo"},"geometry":{"type":"Polygon","coordinates":[[[79.87008,6.93116],[79.87104,6.92865],[79.8701,6.92845],[79.87007,6.92808],[79.8696,6.92789],[79.86974,6.9272],[79.86797,6.92671],[79.8665,6.92613],[79.86432,6.92853],[79.8669,6.92946],[79.86825,6.93019],[79.86825,6.93044],[79.87008,6.93116]]]}},{"type":"Feature","properties":{"pcode":"LK1321140","gn":"Kapuhena","ds":"Kalutara","district":"Kalutara"},"geometry":{"type":"Polygon","coordinates":[[[79.96065,6.61378],[79.95961,6.61307],[79.95942,6.61541],[79.9594,6.6181],[79.95853,6.62101],[79.95806,6.62197],[79.95736,6.62394],[79.95698,6.62724],[79.9587,6.62815],[79.95886,6.62853],[79.95935,6.62888],[79.96085,6.62944],[79.96291,6.62977],[79.96375,6.63035],[79.96513,6.63106],[79.96562,6.62979],[79.96544,6.62909],[79.96572,6.62855],[79.96527,6.62642],[79.96546,6.62629],[79.96496,6.62539],[79.96472,6.62455],[79.96471,6.62414],[79.96488,6.62405],[79.96564,6.62292],[79.96563,6.62269],[79.96437,6.62092],[79.96475,6.6201],[79.964,6.61954],[79.96365,6.61978],[79.96335,6.61982],[79.9624,6.6196],[79.96261,6.61929],[79.96191,6.61848],[79.96144,6.61818],[79.96075,6.61593],[79.96076,6.61467],[79.96059,6.61421],[79.96065,6.61378]]]}},{"type":"Feature","properties":{"pcode":"LK1218030","gn":"Bopitiya","ds":"Wattala","district":"Gampaha"},"geometry":{"type":"Polygon","coordinates":[[[79.86054,7.07066],[79.86037,7.07071],[79.85999,7.07035],[79.86005,7.07022],[79.85875,7.06987],[79.8585,7.07046],[79.85874,7.07047],[79.85891,7.07066],[79.85841,7.07156],[79.85873,7.07166],[79.85868,7.07209],[79.85801,7.0721],[79.85784,7.07235],[79.8576,7.07241],[79.85748,7.07359],[79.85704,7.07413],[79.85705,7.07455],[79.8561,7.07628],[79.85555,7.07667],[79.85494,7.07872],[79.85534,7.07886],[79.85516,7.07941],[79.8555,7.07953],[79.85544,7.08003],[79.85582,7.08087],[79.85623,7.08249],[79.856,7.0824],[79.85563,7.08275],[79.85533,7.08337],[79.85527,7.08384],[79.8554,7.08408],[79.85524,7.08489],[79.85545,7.08498],[79.85542,7.08529],[79.85572,7.08554],[79.85513,7.08703],[79.85631,7.0872],[79.85719,7.08745],[79.85893,7.08852],[79.85891,7.08714],[79.85997,7.08644],[79.86103,7.08603],[79.86086,7.08454],[79.86114,7.08157],[79.86095,7.08129],[79.86042,7.08134],[79.8601,7.08036],[79.8597,7.07988],[79.85964,7.07962],[79.85955,7.07965],[79.85895,7.07843],[79.85825,7.07637],[79.85896,7.07532],[79.86054,7.07066]]]}},{"type":"Feature","properties":{"pcode":"LK1203010","gn":"Pallansena North","ds":"Negombo","district":"Gampaha"},"geometry":{"type":"Polygon","coordinates":[[[79.8484,7.27217],[79.85052,7.2723],[79.85127,7.27261],[79.85216,7.2731],[79.8524,7.27346],[79.85257,7.27388],[79.85257,7.27437],[79.8524,7.27475],[79.85181,7.27533],[79.85171,7.27578],[79.85179,7.27627],[79.85224,7.27666],[79.85282,7.27691],[79.85409,7.27701],[79.85485,7.2769],[79.85544,7.27657],[79.85599,7.27605],[79.85654,7.27525],[79.85788,7.27165],[79.85845,7.27083],[79.85806,7.27042],[79.85765,7.27028],[79.85722,7.27044],[79.85692,7.27038],[79.85715,7.26995],[79.85688,7.2682],[79.85734,7.26763],[79.85741,7.26719],[79.85698,7.26548],[79.85645,7.26558],[79.85418,7.26559],[79.85239,7.26516],[79.85161,7.26513],[79.85078,7.26493],[79.85004,7.26465],[79.84927,7.26407],[79.84758,7.26425],[79.84596,7.26326],[79.8448,7.26212],[79.84438,7.26205],[79.84419,7.26302],[79.844,7.26519],[79.84407,7.26658],[79.84422,7.26724],[79.84565,7.26841],[79.84766,7.26945],[79.84886,7.27071],[79.84897,7.27095],[79.8484,7.27217]]]}},{"type":"Feature","properties":{"pcode":"LK1218025","gn":"Bopitiyathuduwa","ds":"Wattala","district":"Gampaha"},"geometry":{"type":"Polygon","coordinates":[[[79.86667,7.08181],[79.86697,7.08159],[79.86728,7.08095],[79.86841,7.08146],[79.87291,7.07889],[79.87549,7.07759],[79.87668,7.07715],[79.87666,7.07683],[79.87788,7.07345],[79.87796,7.07158],[79.87479,7.07133],[79.87074,7.07143],[79.86529,7.07134],[79.86465,7.07118],[79.86426,7.07123],[79.86398,7.07158],[79.86372,7.07145],[79.86328,7.07148],[79.8606,7.0705],[79.85896,7.07532],[79.85825,7.07637],[79.85895,7.07843],[79.85955,7.07965],[79.85964,7.07962],[79.8597,7.07988],[79.8601,7.08036],[79.86042,7.08134],[79.86095,7.08129],[79.86116,7.08166],[79.86086,7.08454],[79.86103,7.08603],[79.85997,7.08644],[79.85891,7.08714],[79.85893,7.08852],[79.85913,7.08886],[79.86039,7.08756],[79.86242,7.0867],[79.8647,7.08534],[79.86423,7.08443],[79.86417,7.08372],[79.86453,7.08319],[79.86576,7.08213],[79.8657,7.08175],[79.86637,7.08171],[79.86667,7.08181]]]}},{"type":"Feature","properties":{"pcode":"LK1203005","gn":"Kammalthura","ds":"Negombo","district":"Gampaha"},"geometry":{"type":"Polygon","coordinates":[[[79.84169,7.25581],[79.84164,7.25769],[79.8418,7.2594],[79.84173,7.26583],[79.84126,7.27034],[79.8411,7.27094],[79.84101,7.27289],[79.84387,7.27279],[79.84605,7.27235],[79.8484,7.27217],[79.84897,7.27095],[79.84886,7.27071],[79.84774,7.26951],[79.84565,7.26841],[79.84432,7.2674],[79.84413,7.26697],[79.844,7.26505],[79.84421,7.26285],[79.84447,7.2617],[79.84429,7.26093],[79.84391,7.26001],[79.84377,7.25854],[79.84476,7.25739],[79.84505,7.25513],[79.84364,7.25507],[79.84366,7.25587],[79.84351,7.256],[79.84243,7.25589],[79.84236,7.25578],[79.84169,7.25581]]]}},{"type":"Feature","properties":{"pcode":"LK1218020","gn":"Delathura East","ds":"Wattala","district":"Gampaha"},"geometry":{"type":"Polygon","coordinates":[[[79.87911,7.09027],[79.87821,7.0812],[79.87822,7.0803],[79.87793,7.07731],[79.87808,7.07691],[79.87802,7.07666],[79.87774,7.07666],[79.87549,7.07759],[79.87055,7.08016],[79.86984,7.0807],[79.86841,7.08146],[79.86728,7.08095],[79.86697,7.08159],[79.86687,7.08159],[79.86823,7.08241],[79.86966,7.08436],[79.87323,7.08805],[79.87538,7.08928],[79.87911,7.09027]]]}},{"type":"Feature","properties":{"pcode":"LK1218050","gn":"Kunjawatta","ds":"Wattala","district":"Gampaha"},"geometry":{"type":"Polygon","coordinates":[[[79.87796,7.07158],[79.87776,7.06926],[79.87692,7.06473],[79.87755,7.0624],[79.87866,7.05958],[79.87879,7.05929],[79.87919,7.05892],[79.87948,7.05897],[79.88001,7.05466],[79.8805,7.05394],[79.88226,7.04944],[79.88162,7.04943],[79.88039,7.04917],[79.87843,7.0485],[79.87763,7.04847],[79.86688,7.04858],[79.8655,7.04906],[79.86593,7.05033],[79.86646,7.05298],[79.86647,7.05437],[79.86634,7.05509],[79.86608,7.0557],[79.86558,7.05578],[79.86542,7.05619],[79.86521,7.05721],[79.86527,7.05811],[79.86451,7.06001],[79.86411,7.06276],[79.86381,7.06354],[79.86354,7.06495],[79.8626,7.06636],[79.86119,7.06893],[79.86068,7.07018],[79.86063,7.07059],[79.86124,7.07068],[79.86328,7.07148],[79.86372,7.07145],[79.86398,7.07158],[79.86426,7.07123],[79.86465,7.07118],[79.86529,7.07134],[79.87074,7.07143],[79.87479,7.07133],[79.87796,7.07158]]]}},{"type":"Feature","properties":{"pcode":"LK1203190","gn":"Settappaduwa","ds":"Negombo","district":"Gampaha"},"geometry":{"type":"Polygon","coordinates":[[[79.83796,7.1234],[79.83784,7.12406],[79.83624,7.12821],[79.83511,7.13199],[79.83471,7.13292],[79.83597,7.13338],[79.8359,7.13354],[79.83665,7.13376],[79.838,7.13398],[79.83838,7.13415],[79.83935,7.13423],[79.83917,7.1334],[79.83903,7.13334],[79.83853,7.13244],[79.83844,7.13136],[79.8386,7.13065],[79.83926,7.13013],[79.83948,7.12964],[79.83986,7.12947],[79.83996,7.1289],[79.84057,7.12835],[79.84074,7.1274],[79.84105,7.1269],[79.84109,7.12662],[79.84147,7.12622],[79.84179,7.1263],[79.84197,7.12585],[79.84006,7.12432],[79.84017,7.1242],[79.83992,7.1239],[79.8397,7.12412],[79.83796,7.1234]]]}},{"type":"Feature","properties":{"pcode":"LK1218045","gn":"Nugape","ds":"Wattala","district":"Gampaha"},"geometry":{"type":"Polygon","coordinates":[[[79.86054,7.07066],[79.86119,7.06893],[79.8626,7.06636],[79.86354,7.06495],[79.86381,7.06354],[79.86411,7.06276],[79.86451,7.06001],[79.86527,7.05811],[79.86521,7.05721],[79.86542,7.05619],[79.86558,7.05578],[79.86608,7.0557],[79.86634,7.05509],[79.86647,7.05437],[79.86646,7.05298],[79.86564,7.04927],[79.8638,7.04775],[79.86189,7.04701],[79.85823,7.06141],[79.8561,7.06872],[79.85618,7.06883],[79.85799,7.06944],[79.85895,7.06997],[79.86005,7.07022],[79.85999,7.07035],[79.86037,7.07071],[79.86054,7.07066]]]}},{"type":"Feature","properties":{"pcode":"LK1203185","gn":"Dungalpitiya","ds":"Negombo","district":"Gampaha"},"geometry":{"type":"Polygon","coordinates":[[[79.8347,7.13293],[79.83304,7.13755],[79.83265,7.13829],[79.83177,7.14221],[79.83122,7.14419],[79.83005,7.14785],[79.82982,7.14893],[79.82912,7.15067],[79.83216,7.15195],[79.83333,7.15005],[79.83374,7.14957],[79.83404,7.14942],[79.83533,7.1483],[79.83771,7.14672],[79.83817,7.14644],[79.8386,7.14656],[79.8389,7.1462],[79.83851,7.14584],[79.83826,7.14516],[79.83797,7.14497],[79.83793,7.14452],[79.8374,7.14397],[79.83772,7.14292],[79.83846,7.14149],[79.8381,7.14021],[79.83809,7.13939],[79.83896,7.13752],[79.83895,7.13684],[79.83918,7.13607],[79.8391,7.13512],[79.83864,7.13493],[79.83898,7.13483],[79.83933,7.13433],[79.83898,7.13422],[79.83833,7.13427],[79.83838,7.13415],[79.838,7.13398],[79.8359,7.13354],[79.83597,7.13338],[79.8347,7.13293]]]}},{"type":"Feature","properties":{"pcode":"LK1321195","gn":"Mahawaskaduwa South","ds":"Kalutara","district":"Kalutara"},"geometry":{"type":"Polygon","coordinates":[[[79.94841,6.60699],[79.94772,6.60876],[79.9469,6.61131],[79.94536,6.61494],[79.94703,6.61564],[79.94724,6.61524],[79.94812,6.61562],[79.94811,6.61575],[79.94827,6.6158],[79.94843,6.61538],[79.94938,6.61555],[79.95084,6.6164],[79.95162,6.61665],[79.95206,6.61711],[79.95254,6.61735],[79.95302,6.61632],[79.95308,6.61541],[79.95353,6.61387],[79.95361,6.61249],[79.95405,6.61189],[79.9528,6.61118],[79.95289,6.61082],[79.95323,6.6103],[79.95396,6.61074],[79.95444,6.61009],[79.95522,6.6097],[79.95543,6.60914],[79.95519,6.60879],[79.95484,6.60862],[79.95474,6.60824],[79.9534,6.6084],[79.95263,6.60833],[79.95254,6.6085],[79.94841,6.60699]]]}},{"type":"Feature","properties":{"pcode":"LK1218040","gn":"Paranambalama","ds":"Wattala","district":"Gampaha"},"geometry":{"type":"Polygon","coordinates":[[[79.85703,7.04598],[79.85652,7.04823],[79.85603,7.04955],[79.85473,7.05452],[79.85404,7.05803],[79.85289,7.06218],[79.85238,7.06474],[79.85208,7.06551],[79.85131,7.06929],[79.85083,7.07246],[79.84917,7.07843],[79.84881,7.08027],[79.85075,7.08052],[79.85212,7.08087],[79.8554,7.07109],[79.85745,7.06426],[79.86166,7.04785],[79.85781,7.04619],[79.85783,7.04605],[79.85703,7.04598]]]}},{"type":"Feature","properties":{"pcode":"LK1203180","gn":"Thalahena","ds":"Negombo","district":"Gampaha"},"geometry":{"type":"Polygon","coordinates":[[[79.82912,7.15067],[79.82842,7.15311],[79.8267,7.16033],[79.82491,7.16633],[79.82498,7.16651],[79.82486,7.16707],[79.82359,7.17122],[79.8234,7.17232],[79.82297,7.17328],[79.82217,7.17614],[79.82161,7.17885],[79.82105,7.18089],[79.82168,7.18112],[79.82189,7.1811],[79.82198,7.18093],[79.82255,7.18104],[79.8225,7.18138],[79.82296,7.18148],[79.82355,7.18155],[79.82371,7.18126],[79.82413,7.1811],[79.82392,7.18093],[79.82435,7.18067],[79.82463,7.1807],[79.82488,7.1805],[79.82516,7.18049],[79.82576,7.17995],[79.82571,7.17911],[79.8256,7.17898],[79.82571,7.17867],[79.82566,7.17796],[79.82542,7.17743],[79.825,7.17727],[79.82508,7.17713],[79.82537,7.17712],[79.82547,7.1768],[79.8253,7.17654],[79.8253,7.17614],[79.82514,7.17598],[79.8255,7.17405],[79.82565,7.17383],[79.82557,7.17367],[79.8258,7.17331],[79.82552,7.17268],[79.82631,7.1716],[79.8267,7.17062],[79.82705,7.17008],[79.82712,7.1696],[79.82757,7.16914],[79.82791,7.1682],[79.82775,7.16779],[79.82778,7.16743],[79.82763,7.16725],[79.82786,7.16704],[79.82811,7.16623],[79.82842,7.16585],[79.82803,7.16557],[79.82805,7.1653],[79.8284,7.16527],[79.8288,7.16479],[79.82885,7.16448],[79.82864,7.16424],[79.82869,7.16397],[79.82888,7.16391],[79.82875,7.16374],[79.82894,7.16317],[79.82935,7.16321],[79.8294,7.16305],[79.82956,7.16303],[79.82951,7.16265],[79.82989,7.16242],[79.82952,7.16216],[79.82964,7.1618],[79.8298,7.16163],[79.82997,7.16165],[79.83016,7.16135],[79.83036,7.16134],[79.83069,7.16055],[79.83121,7.15995],[79.83215,7.15951],[79.83269,7.15837],[79.83273,7.15758],[79.83263,7.15706],[79.8322,7.15667],[79.8321,7.15641],[79.83261,7.15357],[79.83254,7.15324],[79.83216,7.15262],[79.83216,7.15195],[79.82925,7.15072],[79.82912,7.15067]]]}},{"type":"Feature","properties":{"pcode":"LK1321190","gn":"Kuda Waskaduwa South","ds":"Kalutara","district":"Kalutara"},"geometry":{"type":"Polygon","coordinates":[[[79.95416,6.6228],[79.95181,6.62175],[79.95129,6.62122],[79.95026,6.61975],[79.94996,6.61988],[79.94934,6.61981],[79.94886,6.61994],[79.94815,6.61963],[79.94708,6.61937],[79.94649,6.62064],[79.94487,6.62361],[79.94432,6.62481],[79.94406,6.62577],[79.94673,6.62642],[79.94706,6.62623],[79.94831,6.62687],[79.94843,6.62668],[79.94887,6.62672],[79.94889,6.62707],[79.94863,6.62716],[79.94888,6.62728],[79.94919,6.62713],[79.94913,6.62675],[79.94951,6.62674],[79.95001,6.62734],[79.95046,6.62742],[79.95025,6.62756],[79.95131,6.6276],[79.95134,6.62694],[79.95266,6.62692],[79.95286,6.62683],[79.95272,6.62578],[79.9528,6.62554],[79.95348,6.62489],[79.95416,6.6228]]]}},{"type":"Feature","properties":{"pcode":"LK1218075","gn":"Uswetakeiyawa","ds":"Wattala","district":"Gampaha"},"geometry":{"type":"Polygon","coordinates":[[[79.86371,7.01725],[79.86329,7.01778],[79.86271,7.01955],[79.86253,7.02065],[79.86277,7.02091],[79.86268,7.02149],[79.8624,7.02208],[79.86238,7.02249],[79.86231,7.02256],[79.86222,7.02245],[79.86218,7.02257],[79.86219,7.02304],[79.86187,7.02407],[79.86179,7.02536],[79.86156,7.02577],[79.86117,7.02804],[79.86093,7.02877],[79.86097,7.02897],[79.86081,7.02922],[79.86044,7.03075],[79.85912,7.03746],[79.85855,7.0399],[79.85784,7.0421],[79.85729,7.04512],[79.85704,7.04596],[79.85783,7.04605],[79.85781,7.04619],[79.86166,7.04785],[79.86378,7.03926],[79.86693,7.01765],[79.8665,7.01744],[79.86517,7.01726],[79.86371,7.01725]]]}},{"type":"Feature","properties":{"pcode":"LK1203175","gn":"Pitipana South - West","ds":"Negombo","district":"Gampaha"},"geometry":{"type":"Polygon","coordinates":[[[79.82105,7.18089],[79.82088,7.18204],[79.82068,7.18241],[79.82004,7.1852],[79.81934,7.19011],[79.8192,7.19027],[79.81824,7.19536],[79.81825,7.19575],[79.81976,7.19598],[79.81977,7.1962],[79.82105,7.19634],[79.82103,7.19501],[79.82209,7.19303],[79.8225,7.19141],[79.82252,7.18906],[79.82188,7.18604],[79.82255,7.18104],[79.82198,7.18093],[79.82189,7.1811],[79.82168,7.18112],[79.82105,7.18089]]]}},{"type":"Feature","properties":{"pcode":"LK1321185","gn":"Dediyawala","ds":"Kalutara","district":"Kalutara"},"geometry":{"type":"Polygon","coordinates":[[[79.95793,6.62229],[79.95853,6.62101],[79.9594,6.6181],[79.95942,6.61541],[79.95961,6.61307],[79.95873,6.61218],[79.95837,6.61131],[79.95743,6.61152],[79.9569,6.61149],[79.95645,6.61135],[79.95568,6.6108],[79.95534,6.61095],[79.955,6.61136],[79.95441,6.6114],[79.95361,6.61249],[79.95353,6.61387],[79.95308,6.61541],[79.95302,6.61632],[79.95254,6.61735],[79.95206,6.61711],[79.95164,6.61666],[79.95135,6.61746],[79.95081,6.61814],[79.95046,6.61833],[79.95012,6.61836],[79.94984,6.61862],[79.94984,6.61902],[79.94996,6.6191],[79.94979,6.61989],[79.95026,6.61975],[79.95129,6.62122],[79.95181,6.62175],[79.95416,6.6228],[79.95486,6.62102],[79.95571,6.61994],[79.95642,6.62098],[79.9566,6.62098],[79.95629,6.62115],[79.95644,6.62148],[79.95793,6.62229]]]}},{"type":"Feature","properties":{"pcode":"LK1218070","gn":"Pattiyawala","ds":"Wattala","district":"Gampaha"},"geometry":{"type":"Polygon","coordinates":[[[79.88302,7.04537],[79.88737,7.03602],[79.88857,7.03302],[79.88953,7.02922],[79.8899,7.02724],[79.889,7.02734],[79.88898,7.02694],[79.88828,7.02685],[79.88785,7.02714],[79.88719,7.027],[79.88502,7.02706],[79.88207,7.02681],[79.87891,7.02682],[79.8794,7.02315],[79.88035,7.02216],[79.87401,7.02228],[79.87305,7.02242],[79.87078,7.01898],[79.87046,7.0188],[79.86999,7.01826],[79.8692,7.018],[79.86693,7.01765],[79.86378,7.03926],[79.86189,7.04701],[79.8638,7.04775],[79.86545,7.04909],[79.86688,7.04858],[79.87763,7.04847],[79.87843,7.0485],[79.88003,7.04907],[79.88133,7.04937],[79.88302,7.04537]]]}},{"type":"Feature","properties":{"pcode":"LK1321180","gn":"Uggalbada West","ds":"Kalutara","district":"Kalutara"},"geometry":{"type":"Polygon","coordinates":[[[79.97052,6.62554],[79.97017,6.6237],[79.96998,6.6235],[79.96927,6.62326],[79.96859,6.62255],[79.96833,6.62213],[79.96796,6.62079],[79.96761,6.62002],[79.96608,6.61851],[79.96556,6.61737],[79.96486,6.61657],[79.96319,6.61501],[79.96144,6.61438],[79.96065,6.61378],[79.96059,6.61421],[79.96076,6.61467],[79.96075,6.61593],[79.96144,6.61818],[79.96191,6.61848],[79.96261,6.61929],[79.9624,6.6196],[79.96335,6.61982],[79.96365,6.61978],[79.964,6.61954],[79.96475,6.6201],[79.96437,6.62092],[79.96563,6.62269],[79.96564,6.62292],[79.96488,6.62405],[79.96471,6.62414],[79.96472,6.62455],[79.96496,6.62539],[79.96546,6.62629],[79.96527,6.62642],[79.96572,6.62855],[79.96544,6.62909],[79.96562,6.62979],[79.96513,6.63106],[79.96568,6.63115],[79.96571,6.63081],[79.96567,6.63068],[79.96548,6.63065],[79.9655,6.63047],[79.96611,6.63006],[79.96636,6.62913],[79.96669,6.62865],[79.96803,6.62792],[79.96835,6.6281],[79.96858,6.62858],[79.96888,6.62851],[79.96899,6.62835],[79.96859,6.62733],[79.96936,6.62627],[79.96921,6.62596],[79.96969,6.62565],[79.97052,6.62554]]]}},{"type":"Feature","properties":{"pcode":"LK1203195","gn":"Kepungoda","ds":"Negombo","district":"Gampaha"},"geometry":{"type":"Polygon","coordinates":[[[79.84229,7.11202],[79.8421,7.1127],[79.84177,7.11326],[79.8412,7.11473],[79.84097,7.11572],[79.83985,7.11864],[79.83898,7.1205],[79.83799,7.12337],[79.8397,7.12412],[79.83992,7.1239],[79.84017,7.1242],[79.84006,7.12432],[79.84197,7.12585],[79.84182,7.1256],[79.84194,7.12548],[79.84193,7.12524],[79.84235,7.12477],[79.84246,7.12438],[79.84305,7.12372],[79.84357,7.12348],[79.84386,7.12303],[79.84355,7.12276],[79.84309,7.12317],[79.84332,7.1229],[79.84356,7.12272],[79.84402,7.12288],[79.84415,7.12259],[79.84448,7.12245],[79.84471,7.122],[79.84493,7.12193],[79.84518,7.12156],[79.84539,7.12147],[79.8455,7.12115],[79.84578,7.12111],[79.84587,7.12128],[79.84597,7.12125],[79.84741,7.12001],[79.84656,7.11945],[79.84605,7.11875],[79.8458,7.1186],[79.846,7.11806],[79.84593,7.11769],[79.84513,7.11658],[79.84358,7.11657],[79.84511,7.1165],[79.84507,7.11539],[79.84467,7.11494],[79.84482,7.1148],[79.84545,7.11478],[79.84506,7.11366],[79.84519,7.11343],[79.84514,7.11319],[79.84336,7.11286],[79.84334,7.1123],[79.84229,7.11202]]]}},{"type":"Feature","properties":{"pcode":"LK1321360","gn":"Alubogahalanda","ds":"Kalutara","district":"Kalutara"},"geometry":{"type":"Polygon","coordinates":[[[79.98758,6.57453],[79.98711,6.57301],[79.98709,6.57248],[79.98859,6.57087],[79.98924,6.5687],[79.98858,6.56824],[79.98697,6.56625],[79.98562,6.5654],[79.9832,6.56249],[79.98114,6.56135],[79.97799,6.56345],[79.97556,6.56466],[79.97519,6.56524],[79.97409,6.56763],[79.97533,6.56827],[79.9758,6.56823],[79.97648,6.56798],[79.97773,6.56803],[79.97974,6.56852],[79.9806,6.56799],[79.98092,6.56833],[79.98298,6.56922],[79.98468,6.56977],[79.985,6.56997],[79.98524,6.57049],[79.98553,6.57226],[79.985,6.57398],[79.98554,6.57419],[79.98571,6.5744],[79.98758,6.57453]]]}},{"type":"Feature","properties":{"pcode":"LK1321395","gn":"Nagoda West","ds":"Kalutara","district":"Kalutara"},"geometry":{"type":"Polygon","coordinates":[[[79.98855,6.5565],[79.98891,6.5558],[79.98874,6.55477],[79.98831,6.55437],[79.98805,6.55436],[79.9871,6.55387],[79.98635,6.55322],[79.98591,6.55328],[79.98568,6.55399],[79.98559,6.554],[79.98529,6.55369],[79.98521,6.55319],[79.98497,6.55305],[79.98393,6.55344],[79.98339,6.55385],[79.98257,6.55353],[79.98212,6.55365],[79.98041,6.55363],[79.97862,6.55326],[79.9786,6.55305],[79.98232,6.55174],[79.98388,6.55131],[79.98546,6.55068],[79.98514,6.54968],[79.98399,6.54919],[79.98302,6.54957],[79.98025,6.55035],[79.97748,6.55149],[79.9769,6.55187],[79.97579,6.55171],[79.97481,6.5521],[79.9741,6.55193],[79.9743,6.55269],[79.97354,6.5543],[79.97316,6.55466],[79.97302,6.55522],[79.97294,6.5565],[79.97256,6.55658],[79.97223,6.55684],[79.9716,6.55785],[79.97133,6.55859],[79.97042,6.55843],[79.96982,6.56128],[79.97276,6.56022],[79.9732,6.56023],[79.97496,6.55983],[79.97766,6.5596],[79.98305,6.56239],[79.98343,6.5627],[79.98406,6.56363],[79.98452,6.56407],[79.9861,6.56315],[79.98671,6.56262],[79.98703,6.56269],[79.98754,6.56217],[79.98798,6.56192],[79.98692,6.56085],[79.98557,6.5602],[79.98573,6.55952],[79.98618,6.55895],[79.98603,6.55823],[79.98507,6.55845],[79.98498,6.5581],[79.98627,6.55785],[79.9866,6.55632],[79.98695,6.55628],[79.98726,6.55643],[79.98797,6.55636],[79.98855,6.5565]]]}},{"type":"Feature","properties":{"pcode":"LK1321390","gn":"Kalamulla North","ds":"Kalutara","district":"Kalutara"},"geometry":{"type":"Polygon","coordinates":[[[79.96636,6.55116],[79.96524,6.55357],[79.96365,6.55823],[79.96478,6.55856],[79.96495,6.55888],[79.96542,6.55878],[79.9662,6.55881],[79.96695,6.5593],[79.96789,6.55937],[79.96858,6.55911],[79.96928,6.55914],[79.96982,6.55545],[79.97041,6.55328],[79.96874,6.5527],[79.96756,6.55258],[79.96772,6.55172],[79.96636,6.55116]]]}},{"type":"Feature","properties":{"pcode":"LK1321385","gn":"Katukurunda","ds":"Kalutara","district":"Kalutara"},"geometry":{"type":"Polygon","coordinates":[[[79.96956,6.56246],[79.97024,6.55921],[79.96866,6.5591],[79.96796,6.55935],[79.96741,6.55933],[79.96715,6.56022],[79.96706,6.56024],[79.96712,6.56082],[79.96687,6.56088],[79.96688,6.56106],[79.96715,6.56117],[79.96692,6.5619],[79.96659,6.56233],[79.96639,6.56293],[79.96633,6.56352],[79.96696,6.56378],[79.9668,6.56424],[79.96665,6.56438],[79.96652,6.56548],[79.96617,6.56618],[79.96729,6.56655],[79.96864,6.56237],[79.96956,6.56246]]]}},{"type":"Feature","properties":{"pcode":"LK1321380","gn":"Uswatta","ds":"Kalutara","district":"Kalutara"},"geometry":{"type":"Polygon","coordinates":[[[79.98114,6.56135],[79.97799,6.55973],[79.97736,6.55958],[79.97447,6.55991],[79.97239,6.56033],[79.96982,6.56128],[79.96955,6.56235],[79.96968,6.56276],[79.97082,6.56461],[79.97166,6.56382],[79.97206,6.56391],[79.97277,6.56432],[79.97239,6.56469],[79.9724,6.56562],[79.9734,6.5655],[79.97376,6.56562],[79.97415,6.56635],[79.97432,6.56705],[79.97556,6.56466],[79.97799,6.56345],[79.98114,6.56135]]]}},{"type":"Feature","properties":{"pcode":"LK1203110","gn":"Muttakkarai North","ds":"Negombo","district":"Gampaha"},"geometry":{"type":"Polygon","coordinates":[[[79.83481,7.20818],[79.83453,7.20822],[79.83296,7.20795],[79.83256,7.20834],[79.83255,7.20861],[79.83232,7.20882],[79.83218,7.20872],[79.83252,7.20815],[79.83237,7.20793],[79.83058,7.20705],[79.8302,7.2067],[79.82948,7.20681],[79.82904,7.20724],[79.82886,7.20691],[79.82882,7.20657],[79.82864,7.20641],[79.82869,7.20613],[79.82854,7.2062],[79.82855,7.20654],[79.82886,7.20727],[79.82848,7.20785],[79.82904,7.20856],[79.82933,7.20915],[79.82929,7.2094],[79.82861,7.20976],[79.82859,7.20987],[79.82919,7.20961],[79.82964,7.20981],[79.83157,7.21154],[79.8317,7.21192],[79.83154,7.21212],[79.83253,7.21174],[79.83351,7.21232],[79.83481,7.21371],[79.83533,7.21359],[79.83682,7.21185],[79.83717,7.21109],[79.83786,7.21129],[79.83848,7.21104],[79.83709,7.20793],[79.83641,7.20829],[79.83626,7.20811],[79.83589,7.20835],[79.83498,7.20831],[79.83481,7.20818]]]}},{"type":"Feature","properties":{"pcode":"LK1321435","gn":"Ethagama East","ds":"Kalutara","district":"Kalutara"},"geometry":{"type":"Polygon","coordinates":[[[79.98864,6.55464],[79.98846,6.55444],[79.98849,6.55422],[79.98817,6.55421],[79.98742,6.55375],[79.9872,6.55375],[79.98687,6.55347],[79.98648,6.55168],[79.98615,6.55119],[79.9857,6.54996],[79.98536,6.54946],[79.98455,6.54879],[79.98319,6.54826],[79.98287,6.54829],[79.98266,6.54861],[79.98227,6.54857],[79.98166,6.54829],[79.98089,6.5477],[79.97991,6.54763],[79.97951,6.54739],[79.97879,6.54746],[79.97859,6.54742],[79.97842,6.54715],[79.97738,6.54688],[79.97668,6.54689],[79.97638,6.5463],[79.97572,6.54577],[79.97437,6.5453],[79.97436,6.54518],[79.97402,6.54509],[79.97407,6.54489],[79.97368,6.54487],[79.9725,6.54865],[79.9714,6.55109],[79.97322,6.55174],[79.97467,6.5521],[79.97576,6.55171],[79.97687,6.55188],[79.97748,6.55149],[79.98025,6.55035],[79.98402,6.54919],[79.98514,6.54968],[79.98546,6.55068],[79.98388,6.55131],[79.98232,6.55174],[79.9786,6.55305],[79.97862,6.55326],[79.98041,6.55363],[79.98212,6.55365],[79.98257,6.55353],[79.98339,6.55385],[79.98393,6.55344],[79.98497,6.55305],[79.98521,6.55319],[79.98529,6.55369],[79.98559,6.554],[79.98568,6.55399],[79.98591,6.55328],[79.98628,6.55321],[79.98662,6.55337],[79.98673,6.55359],[79.9871,6.55387],[79.98805,6.55436],[79.98831,6.55437],[79.98864,6.55464]]]}},{"type":"Feature","properties":{"pcode":"LK1203105","gn":"Wellaweediya South","ds":"Negombo","district":"Gampaha"},"geometry":{"type":"Polygon","coordinates":[[[79.83478,7.21371],[79.83561,7.21478],[79.83626,7.21436],[79.837,7.2152],[79.83817,7.21689],[79.83935,7.21632],[79.84004,7.21809],[79.84132,7.21767],[79.84202,7.21725],[79.84231,7.21616],[79.83953,7.21283],[79.83889,7.21185],[79.83855,7.21101],[79.83786,7.21129],[79.83717,7.21109],[79.83682,7.21185],[79.83533,7.21359],[79.83478,7.21371]]]}},{"type":"Feature","properties":{"pcode":"LK1321430","gn":"Ethagama West","ds":"Kalutara","district":"Kalutara"},"geometry":{"type":"Polygon","coordinates":[[[79.96948,6.54355],[79.96812,6.54699],[79.96925,6.54763],[79.97024,6.54836],[79.971,6.54853],[79.97112,6.54841],[79.9715,6.54854],[79.97153,6.54847],[79.97171,6.54854],[79.97174,6.54844],[79.9725,6.54865],[79.97368,6.54488],[79.97332,6.54487],[79.97299,6.54454],[79.9714,6.5442],[79.96948,6.54355]]]}},{"type":"Feature","properties":{"pcode":"LK1203100","gn":"Udayarthoppuwa","ds":"Negombo","district":"Gampaha"},"geometry":{"type":"Polygon","coordinates":[[[79.85559,7.20483],[79.84077,7.20711],[79.83898,7.20743],[79.83709,7.20793],[79.83848,7.21104],[79.83937,7.21058],[79.84721,7.21424],[79.84902,7.21029],[79.85281,7.21084],[79.85559,7.20483]]]}},{"type":"Feature","properties":{"pcode":"LK1321425","gn":"Kalamulla South","ds":"Kalutara","district":"Kalutara"},"geometry":{"type":"Polygon","coordinates":[[[79.96812,6.54699],[79.9667,6.55057],[79.96636,6.55116],[79.96772,6.55172],[79.96756,6.55258],[79.96874,6.5527],[79.97041,6.55328],[79.9725,6.54865],[79.97174,6.54844],[79.97171,6.54854],[79.97153,6.54847],[79.9715,6.54854],[79.97112,6.54841],[79.971,6.54853],[79.97024,6.54836],[79.96925,6.54763],[79.96812,6.54699]]]}},{"type":"Feature","properties":{"pcode":"LK1203095","gn":"Angurukaramulla","ds":"Negombo","district":"Gampaha"},"geometry":{"type":"Polygon","coordinates":[[[79.85438,7.21686],[79.85622,7.21314],[79.85661,7.21305],[79.85676,7.21285],[79.85721,7.21117],[79.85806,7.20984],[79.85828,7.20907],[79.85837,7.20783],[79.86027,7.20327],[79.85958,7.20313],[79.85925,7.20397],[79.85903,7.20436],[79.85888,7.20442],[79.85559,7.20483],[79.85281,7.21084],[79.84902,7.21029],[79.84721,7.21424],[79.85414,7.21756],[79.85438,7.21686]]]}},{"type":"Feature","properties":{"pcode":"LK1203130","gn":"Muttakkarai","ds":"Negombo","district":"Gampaha"},"geometry":{"type":"Polygon","coordinates":[[[79.83369,7.19957],[79.83322,7.19949],[79.83296,7.19964],[79.83249,7.20027],[79.83246,7.20146],[79.83272,7.20213],[79.83248,7.20237],[79.83228,7.2019],[79.83176,7.20264],[79.83124,7.20305],[79.83023,7.20425],[79.8301,7.2047],[79.83011,7.20557],[79.83038,7.20638],[79.83066,7.20629],[79.83098,7.20634],[79.83196,7.20667],[79.83233,7.20654],[79.83236,7.20663],[79.83219,7.20678],[79.83231,7.20689],[79.83493,7.20781],[79.83493,7.20721],[79.83436,7.20691],[79.83406,7.20623],[79.83379,7.20489],[79.83376,7.20373],[79.8339,7.20303],[79.83369,7.19957]]]}},{"type":"Feature","properties":{"pcode":"LK1321420","gn":"Kalamulla East","ds":"Kalutara","district":"Kalutara"},"geometry":{"type":"Polygon","coordinates":[[[79.9741,6.55193],[79.97138,6.55111],[79.9701,6.55417],[79.96928,6.55914],[79.97024,6.55921],[79.97042,6.55843],[79.97133,6.55859],[79.9716,6.55785],[79.97223,6.55684],[79.97256,6.55658],[79.97294,6.5565],[79.97302,6.55522],[79.97316,6.55466],[79.97354,6.5543],[79.9743,6.55269],[79.9741,6.55193]]]}},{"type":"Feature","properties":{"pcode":"LK1203125","gn":"Pitipana Central","ds":"Negombo","district":"Gampaha"},"geometry":{"type":"Polygon","coordinates":[[[79.81824,7.19578],[79.81781,7.19768],[79.81778,7.19853],[79.81715,7.2017],[79.81762,7.20167],[79.81857,7.20187],[79.8186,7.2013],[79.81873,7.20107],[79.81903,7.20116],[79.81944,7.20154],[79.81963,7.20154],[79.81964,7.20124],[79.82055,7.2013],[79.82068,7.20087],[79.82092,7.20057],[79.8215,7.20051],[79.82148,7.20034],[79.82159,7.20026],[79.82241,7.19984],[79.82213,7.19944],[79.82225,7.19927],[79.8226,7.19918],[79.82261,7.19845],[79.8235,7.19877],[79.82403,7.1985],[79.82466,7.19857],[79.82485,7.19894],[79.82599,7.19912],[79.82599,7.19968],[79.82736,7.19944],[79.82807,7.19974],[79.82824,7.1996],[79.82837,7.19918],[79.829,7.19922],[79.82936,7.19864],[79.83,7.19858],[79.82923,7.19739],[79.82794,7.19616],[79.82696,7.19603],[79.82683,7.19634],[79.82184,7.19657],[79.82035,7.1962],[79.81977,7.1962],[79.81976,7.19598],[79.81824,7.19578]]]}},{"type":"Feature","properties":{"pcode":"LK1321295","gn":"Vilegoda South","ds":"Kalutara","district":"Kalutara"},"geometry":{"type":"Polygon","coordinates":[[[79.97197,6.58686],[79.97199,6.58653],[79.97176,6.58646],[79.9717,6.58616],[79.97124,6.58584],[79.97076,6.58511],[79.97076,6.5848],[79.97094,6.58456],[79.97068,6.58433],[79.97039,6.58377],[79.97036,6.58288],[79.96976,6.583],[79.96956,6.58255],[79.96955,6.58193],[79.96928,6.58152],[79.96927,6.58107],[79.96914,6.58092],[79.96863,6.58083],[79.9687,6.58055],[79.9684,6.58097],[79.96843,6.58236],[79.96756,6.58304],[79.96678,6.58304],[79.96655,6.58316],[79.96641,6.58338],[79.9663,6.58437],[79.96782,6.58465],[79.96788,6.58476],[79.96744,6.58553],[79.96742,6.58576],[79.96792,6.58649],[79.96822,6.58645],[79.96856,6.58583],[79.96895,6.58586],[79.96924,6.5855],[79.96952,6.58593],[79.96926,6.5863],[79.9694,6.58647],[79.96898,6.58691],[79.96897,6.58705],[79.96915,6.58746],[79.96949,6.58752],[79.96962,6.58767],[79.97005,6.58774],[79.97028,6.58727],[79.97055,6.5875],[79.97079,6.58753],[79.97105,6.58705],[79.97197,6.58686]]]}},{"type":"Feature","properties":{"pcode":"LK1203120","gn":"Pitipana North","ds":"Negombo","district":"Gampaha"},"geometry":{"type":"Polygon","coordinates":[[[79.82949,7.20325],[79.82951,7.20311],[79.82918,7.20249],[79.82929,7.20242],[79.82978,7.20259],[79.83043,7.2019],[79.83062,7.20152],[79.83052,7.20054],[79.83019,7.20019],[79.83029,7.19967],[79.83,7.19858],[79.82936,7.19864],[79.829,7.19922],[79.82837,7.19918],[79.82824,7.1996],[79.82807,7.19974],[79.82736,7.19944],[79.82599,7.19968],[79.82599,7.19912],[79.82485,7.19894],[79.82466,7.19857],[79.82403,7.1985],[79.8235,7.19877],[79.82261,7.19845],[79.8226,7.19918],[79.82225,7.19927],[79.82213,7.19944],[79.82241,7.19984],[79.82159,7.20026],[79.82148,7.20034],[79.8215,7.20051],[79.82092,7.20057],[79.82068,7.20087],[79.82055,7.2013],[79.81964,7.20124],[79.81963,7.20154],[79.81944,7.20154],[79.81903,7.20116],[79.81873,7.20107],[79.81859,7.20138],[79.81858,7.20167],[79.81904,7.20173],[79.81881,7.20233],[79.81886,7.20292],[79.81908,7.20317],[79.81946,7.20325],[79.81985,7.2031],[79.81999,7.20318],[79.8206,7.20314],[79.82114,7.20326],[79.82113,7.20361],[79.82144,7.20355],[79.82138,7.20335],[79.82152,7.20336],[79.82154,7.20387],[79.82173,7.20404],[79.82327,7.20384],[79.82391,7.20393],[79.82492,7.20371],[79.82507,7.2041],[79.82419,7.20495],[79.82399,7.20535],[79.82506,7.20583],[79.82543,7.20564],[79.82562,7.20538],[79.82535,7.20502],[79.82718,7.20386],[79.82902,7.20289],[79.82949,7.20325]]]}},{"type":"Feature","properties":{"pcode":"LK1321290","gn":"Ilukwatta","ds":"Kalutara","district":"Kalutara"},"geometry":{"type":"Polygon","coordinates":[[[79.97825,6.58959],[79.97829,6.5886],[79.97801,6.58705],[79.97885,6.58662],[79.97938,6.58605],[79.97886,6.58556],[79.97861,6.58495],[79.97835,6.58198],[79.97818,6.58149],[79.97792,6.58141],[79.9778,6.58163],[79.97741,6.58167],[79.97696,6.58217],[79.97588,6.58175],[79.97564,6.58174],[79.9754,6.58204],[79.97425,6.58135],[79.97304,6.58161],[79.97272,6.58128],[79.97234,6.58124],[79.9706,6.58228],[79.97021,6.58235],[79.96999,6.58226],[79.96961,6.58154],[79.96966,6.58101],[79.96952,6.58078],[79.9687,6.58055],[79.96863,6.58083],[79.96914,6.58092],[79.96927,6.58107],[79.96928,6.58152],[79.96955,6.58193],[79.96956,6.58255],[79.96976,6.583],[79.97036,6.58288],[79.97039,6.58377],[79.97068,6.58433],[79.97094,6.58456],[79.97076,6.5848],[79.97076,6.58511],[79.97124,6.58584],[79.9717,6.58616],[79.97176,6.58646],[79.97199,6.58653],[79.97197,6.58686],[79.97222,6.58713],[79.97231,6.58854],[79.97166,6.59106],[79.97297,6.59127],[79.97349,6.59113],[79.97394,6.58975],[79.97496,6.5896],[79.97545,6.58971],[79.9755,6.58982],[79.97522,6.59045],[79.97488,6.59086],[79.97489,6.59118],[79.97572,6.59108],[79.97589,6.59098],[79.97588,6.5906],[79.97605,6.59035],[79.97612,6.58993],[79.97663,6.5897],[79.97747,6.58954],[79.97825,6.58959]]]}},{"type":"Feature","properties":{"pcode":"LK1218015","gn":"Delathura West","ds":"Wattala","district":"Gampaha"},"geometry":{"type":"Polygon","coordinates":[[[79.87875,7.09572],[79.87911,7.09027],[79.87538,7.08928],[79.87374,7.08838],[79.87279,7.08764],[79.87048,7.08511],[79.86966,7.08436],[79.86818,7.08236],[79.86687,7.08159],[79.86667,7.08181],[79.86637,7.08171],[79.8657,7.08175],[79.86576,7.08213],[79.86453,7.08319],[79.86417,7.08372],[79.86423,7.08443],[79.8647,7.08534],[79.86242,7.0867],[79.86039,7.08756],[79.85913,7.08886],[79.85865,7.09109],[79.85831,7.0952],[79.85845,7.09705],[79.85811,7.09841],[79.85769,7.0994],[79.85694,7.09938],[79.85634,7.10003],[79.85627,7.10047],[79.8561,7.10024],[79.85596,7.10032],[79.85568,7.10085],[79.85481,7.10338],[79.85426,7.10451],[79.85687,7.10359],[79.85726,7.10364],[79.85791,7.1034],[79.85925,7.10476],[79.86008,7.10545],[79.86111,7.10572],[79.86274,7.10523],[79.8635,7.10463],[79.86421,7.10346],[79.86465,7.10221],[79.86528,7.10093],[79.86558,7.09968],[79.86612,7.09866],[79.86803,7.09757],[79.86836,7.09778],[79.86958,7.0978],[79.87025,7.09825],[79.87162,7.09822],[79.87204,7.098],[79.87219,7.0978],[79.8724,7.09602],[79.87253,7.0958],[79.87276,7.09574],[79.87332,7.096],[79.87562,7.09608],[79.87683,7.09576],[79.87875,7.09572]]]}},{"type":"Feature","properties":{"pcode":"LK1203115","gn":"Doowa","ds":"Negombo","district":"Gampaha"},"geometry":{"type":"Polygon","coordinates":[[[79.81715,7.2017],[79.81689,7.20362],[79.81721,7.20385],[79.81741,7.20456],[79.81775,7.20504],[79.81893,7.20595],[79.8193,7.20655],[79.81922,7.20685],[79.81931,7.20699],[79.82001,7.20745],[79.82227,7.20809],[79.82477,7.20815],[79.82566,7.20832],[79.82596,7.20826],[79.82589,7.20778],[79.82598,7.20727],[79.82629,7.20685],[79.82623,7.20665],[79.82647,7.20604],[79.82694,7.2053],[79.827,7.2048],[79.82741,7.2043],[79.82857,7.20364],[79.82879,7.20339],[79.82921,7.20322],[79.82949,7.20325],[79.82902,7.20289],[79.82718,7.20386],[79.82535,7.20502],[79.82562,7.20538],[79.82543,7.20564],[79.82506,7.20583],[79.82399,7.20535],[79.82419,7.20495],[79.82507,7.2041],[79.82492,7.20371],[79.82391,7.20393],[79.82327,7.20384],[79.82173,7.20404],[79.82154,7.20387],[79.82152,7.20336],[79.82138,7.20335],[79.82144,7.20355],[79.82113,7.20361],[79.82114,7.20326],[79.8206,7.20314],[79.81999,7.20318],[79.81985,7.2031],[79.81946,7.20325],[79.81899,7.20313],[79.81886,7.20292],[79.81881,7.20233],[79.81904,7.20173],[79.81858,7.20167],[79.81857,7.20187],[79.81749,7.20166],[79.81715,7.2017]]]}},{"type":"Feature","properties":{"pcode":"LK1321285","gn":"Kuda Heenatiyangala","ds":"Kalutara","district":"Kalutara"},"geometry":{"type":"Polygon","coordinates":[[[79.97115,6.57426],[79.97018,6.57464],[79.96925,6.57481],[79.96718,6.57579],[79.96636,6.57598],[79.96487,6.5768],[79.96501,6.57796],[79.96567,6.57885],[79.96554,6.57916],[79.96575,6.57984],[79.9662,6.57984],[79.96715,6.58035],[79.9687,6.58055],[79.96901,6.57983],[79.96947,6.57953],[79.96964,6.57886],[79.9699,6.57837],[79.97068,6.57746],[79.97115,6.57642],[79.9711,6.57558],[79.97123,6.57473],[79.97115,6.57426]]]}},{"type":"Feature","properties":{"pcode":"LK1218010","gn":"Maha Pamunugama","ds":"Wattala","district":"Gampaha"},"geometry":{"type":"Polygon","coordinates":[[[79.85305,7.10654],[79.85331,7.10625],[79.85444,7.10419],[79.85596,7.10032],[79.8561,7.10024],[79.85627,7.10047],[79.85634,7.10003],[79.85694,7.09938],[79.85769,7.0994],[79.85811,7.09841],[79.85845,7.09705],[79.85831,7.0952],[79.85865,7.09109],[79.85913,7.08886],[79.85893,7.08852],[79.85824,7.08802],[79.85675,7.08729],[79.85513,7.08703],[79.85506,7.0871],[79.85446,7.08687],[79.85254,7.08649],[79.8505,7.08594],[79.85036,7.08607],[79.84787,7.09358],[79.84877,7.10841],[79.84922,7.10928],[79.84964,7.10913],[79.8491,7.10835],[79.84938,7.10865],[79.84983,7.10853],[79.85044,7.1086],[79.85094,7.10813],[79.85102,7.10735],[79.85142,7.10695],[79.85194,7.10674],[79.85305,7.10654]]]}},{"type":"Feature","properties":{"pcode":"LK1203150","gn":"Bolawalana","ds":"Negombo","district":"Gampaha"},"geometry":{"type":"Polygon","coordinates":[[[79.85118,7.2055],[79.85888,7.20442],[79.85903,7.20436],[79.85925,7.20397],[79.85958,7.20313],[79.8604,7.2033],[79.86116,7.20076],[79.8613,7.20061],[79.86116,7.20055],[79.86167,7.19908],[79.86178,7.19838],[79.86341,7.19799],[79.86365,7.19639],[79.86323,7.19631],[79.8618,7.19563],[79.86006,7.19514],[79.85619,7.19473],[79.85621,7.19461],[79.85608,7.19452],[79.85342,7.19345],[79.85284,7.19473],[79.85245,7.19529],[79.85103,7.19598],[79.85073,7.19624],[79.85066,7.19648],[79.85024,7.19674],[79.84967,7.19737],[79.84957,7.19763],[79.8491,7.19798],[79.84902,7.19855],[79.84873,7.19891],[79.84879,7.19901],[79.84865,7.19902],[79.84927,7.20013],[79.84848,7.20036],[79.84866,7.20124],[79.84784,7.20153],[79.84827,7.20238],[79.84817,7.20247],[79.85332,7.20091],[79.85118,7.2055]]]}},{"type":"Feature","properties":{"pcode":"LK1321280","gn":"Kalutara South","ds":"Kalutara","district":"Kalutara"},"geometry":{"type":"Polygon","coordinates":[[[79.96283,6.59138],[79.96346,6.58999],[79.96402,6.58777],[79.96417,6.58644],[79.96411,6.58594],[79.96378,6.58544],[79.96348,6.58396],[79.96319,6.58322],[79.96348,6.58185],[79.96368,6.57912],[79.96306,6.57836],[79.96293,6.57779],[79.96309,6.57767],[79.96417,6.57743],[79.96479,6.57685],[79.96471,6.57668],[79.96487,6.57605],[79.96517,6.57565],[79.96517,6.57513],[79.96564,6.57513],[79.96574,6.57374],[79.96608,6.57376],[79.9663,6.57328],[79.96451,6.5729],[79.96455,6.57277],[79.96421,6.5726],[79.96267,6.57225],[79.96248,6.57327],[79.96185,6.57477],[79.96063,6.57707],[79.95916,6.5793],[79.95815,6.58132],[79.95741,6.58407],[79.95731,6.5858],[79.95736,6.5869],[79.9588,6.58741],[79.95971,6.58745],[79.95947,6.59033],[79.96017,6.59072],[79.96208,6.59102],[79.96283,6.59138]]]}},{"type":"Feature","properties":{"pcode":"LK1218005","gn":"Pamunugama","ds":"Wattala","district":"Gampaha"},"geometry":{"type":"Polygon","coordinates":[[[79.84881,7.08027],[79.84844,7.0825],[79.84769,7.08512],[79.84746,7.08705],[79.84682,7.08974],[79.84669,7.09059],[79.84671,7.09168],[79.84646,7.09304],[79.84628,7.09328],[79.84604,7.09403],[79.84596,7.09536],[79.8457,7.09617],[79.84488,7.10039],[79.84354,7.10491],[79.84305,7.1073],[79.84299,7.10824],[79.84237,7.11111],[79.84229,7.11201],[79.84262,7.11207],[79.84327,7.11165],[79.84323,7.11197],[79.8449,7.11245],[79.84469,7.11188],[79.84416,7.11159],[79.84489,7.11131],[79.84525,7.11077],[79.84534,7.11091],[79.84506,7.11109],[79.84496,7.11137],[79.84517,7.11173],[79.84536,7.11176],[79.84553,7.11115],[79.84579,7.111],[79.84693,7.11185],[79.84685,7.11143],[79.847,7.11127],[79.84673,7.11107],[79.84636,7.11059],[79.84611,7.11055],[79.84635,7.11044],[79.84633,7.11054],[79.84682,7.11112],[79.84705,7.11098],[79.84722,7.11025],[79.84719,7.10987],[79.84663,7.10963],[79.84631,7.11011],[79.84615,7.11005],[79.84617,7.10996],[79.84634,7.10994],[79.84625,7.10975],[79.84657,7.10931],[79.84672,7.10932],[79.84669,7.10961],[79.84712,7.10971],[79.84773,7.10902],[79.84845,7.10916],[79.84876,7.10956],[79.84891,7.10951],[79.84904,7.10926],[79.84921,7.10927],[79.84877,7.10841],[79.84787,7.09358],[79.85212,7.08087],[79.84988,7.08038],[79.84881,7.08027]]]}},{"type":"Feature","properties":{"pcode":"LK1203145","gn":"Udayarthoppuwa South","ds":"Negombo","district":"Gampaha"},"geometry":{"type":"Polygon","coordinates":[[[79.85118,7.2055],[79.85332,7.20091],[79.83859,7.20546],[79.83776,7.20552],[79.83789,7.20426],[79.83773,7.2034],[79.83651,7.20266],[79.83623,7.20259],[79.83549,7.20285],[79.83604,7.20512],[79.83617,7.20614],[79.83665,7.20739],[79.83709,7.20793],[79.83958,7.20731],[79.85118,7.2055]]]}},{"type":"Feature","properties":{"pcode":"LK1321315","gn":"Etavila","ds":"Kalutara","district":"Kalutara"},"geometry":{"type":"Polygon","coordinates":[[[79.98604,6.58278],[79.98407,6.58148],[79.9801,6.58045],[79.97913,6.57988],[79.97804,6.57902],[79.97592,6.578],[79.97359,6.57853],[79.97301,6.57897],[79.97189,6.57943],[79.97119,6.57985],[79.97074,6.57983],[79.96984,6.58022],[79.96941,6.5807],[79.96966,6.58101],[79.96961,6.58154],[79.96999,6.58226],[79.97021,6.58235],[79.9706,6.58228],[79.97234,6.58124],[79.97272,6.58128],[79.97304,6.58161],[79.97425,6.58135],[79.9754,6.58204],[79.97564,6.58174],[79.97588,6.58175],[79.97696,6.58217],[79.97741,6.58167],[79.9778,6.58163],[79.97792,6.58141],[79.97818,6.58149],[79.97835,6.58198],[79.97861,6.58495],[79.97886,6.58556],[79.97938,6.58605],[79.97966,6.58592],[79.98003,6.58525],[79.98116,6.5862],[79.98162,6.58637],[79.98203,6.58602],[79.98263,6.58523],[79.98482,6.58704],[79.98532,6.58629],[79.98564,6.58524],[79.98526,6.58409],[79.98523,6.5836],[79.98545,6.58326],[79.98604,6.58278]]]}},{"type":"Feature","properties":{"pcode":"LK1203140","gn":"Thaladoowa","ds":"Negombo","district":"Gampaha"},"geometry":{"type":"Polygon","coordinates":[[[79.83862,7.20546],[79.84827,7.20238],[79.84784,7.20153],[79.84866,7.20124],[79.84848,7.20036],[79.84927,7.20013],[79.84865,7.19902],[79.84822,7.19929],[79.84762,7.19924],[79.84723,7.19897],[79.84652,7.19803],[79.84649,7.19772],[79.84668,7.19713],[79.84651,7.19674],[79.84609,7.19638],[79.84482,7.19576],[79.84292,7.19514],[79.84126,7.19498],[79.83954,7.19451],[79.839,7.19463],[79.83849,7.19448],[79.8373,7.19476],[79.83675,7.19462],[79.8362,7.19476],[79.83541,7.19538],[79.8352,7.19573],[79.83516,7.1961],[79.83563,7.19817],[79.83565,7.19928],[79.83546,7.20017],[79.83651,7.20266],[79.83773,7.2034],[79.83789,7.20426],[79.83776,7.20552],[79.83862,7.20546]]]}},{"type":"Feature","properties":{"pcode":"LK1203135","gn":"Muttakkarai East","ds":"Negombo","district":"Gampaha"},"geometry":{"type":"Polygon","coordinates":[[[79.83368,7.19931],[79.8339,7.20303],[79.83377,7.20359],[79.83377,7.20469],[79.83406,7.20623],[79.83436,7.20691],[79.83494,7.20723],[79.83487,7.20817],[79.83494,7.2083],[79.83589,7.20835],[79.83626,7.20811],[79.83641,7.20829],[79.83709,7.20793],[79.83665,7.20739],[79.83617,7.20614],[79.83604,7.20512],[79.83549,7.20285],[79.83623,7.20259],[79.83651,7.20266],[79.83546,7.20017],[79.83562,7.19955],[79.83402,7.19927],[79.83368,7.19931]]]}},{"type":"Feature","properties":{"pcode":"LK1218195","gn":"Nayakakanda South","ds":"Wattala","district":"Gampaha"},"geometry":{"type":"Polygon","coordinates":[[[79.88784,6.98719],[79.88752,6.98656],[79.88758,6.9865],[79.88703,6.9858],[79.88688,6.98451],[79.88656,6.98423],[79.88634,6.98425],[79.88451,6.98467],[79.88398,6.98468],[79.88383,6.98538],[79.88338,6.98542],[79.88333,6.98629],[79.88247,6.98655],[79.88274,6.98742],[79.8819,6.98745],[79.88158,6.98778],[79.88063,6.98806],[79.88073,6.98845],[79.88051,6.98889],[79.88104,6.98899],[79.88153,6.98957],[79.88226,6.98996],[79.88208,6.99099],[79.88164,6.99175],[79.8813,6.99206],[79.88142,6.99241],[79.8812,6.99315],[79.88132,6.9939],[79.88113,6.99494],[79.88312,6.99559],[79.88482,6.99599],[79.88553,6.9951],[79.88664,6.99322],[79.88624,6.98938],[79.88601,6.98892],[79.88607,6.98823],[79.88784,6.98719]]]}},{"type":"Feature","properties":{"pcode":"LK1203170","gn":"Pitipana South - East","ds":"Negombo","district":"Gampaha"},"geometry":{"type":"Polygon","coordinates":[[[79.82683,7.19634],[79.82696,7.19593],[79.8277,7.19584],[79.82788,7.19557],[79.82768,7.19529],[79.82734,7.19362],[79.82692,7.19264],[79.82664,7.19161],[79.82667,7.18997],[79.8263,7.18958],[79.82579,7.18937],[79.82486,7.18946],[79.82452,7.18939],[79.82436,7.18947],[79.82429,7.1891],[79.82412,7.18903],[79.82418,7.18857],[79.82464,7.18837],[79.82459,7.18774],[79.82447,7.18755],[79.82454,7.18735],[79.82427,7.18732],[79.82416,7.18718],[79.82451,7.18686],[79.8245,7.18657],[79.82409,7.18663],[79.82403,7.18644],[79.82429,7.18635],[79.82426,7.18609],[79.82414,7.18586],[79.82381,7.18579],[79.82401,7.18551],[79.82361,7.1853],[79.82346,7.18438],[79.82331,7.18427],[79.823,7.1832],[79.82313,7.18245],[79.82347,7.18193],[79.82355,7.18155],[79.8225,7.18138],[79.82188,7.18604],[79.82252,7.18906],[79.8225,7.19141],[79.82209,7.19303],[79.82103,7.19501],[79.82106,7.19642],[79.82184,7.19657],[79.82683,7.19634]]]}},{"type":"Feature","properties":{"pcode":"LK1321300","gn":"Godaparagahahena","ds":"Kalutara","district":"Kalutara"},"geometry":{"type":"Polygon","coordinates":[[[79.979,6.59615],[79.97923,6.59604],[79.97891,6.59553],[79.97916,6.59543],[79.97886,6.59483],[79.97934,6.59434],[79.98032,6.59412],[79.98174,6.59432],[79.98212,6.594],[79.98248,6.59402],[79.98287,6.59382],[79.983,6.59348],[79.98302,6.59328],[79.98285,6.59323],[79.98097,6.59157],[79.98073,6.5908],[79.98024,6.59097],[79.9796,6.59139],[79.97864,6.59147],[79.97866,6.59122],[79.97839,6.59084],[79.97829,6.58962],[79.97747,6.58954],[79.97663,6.5897],[79.97612,6.58993],[79.97605,6.59035],[79.97588,6.5906],[79.97589,6.59098],[79.97489,6.59118],[79.97488,6.59086],[79.97522,6.59045],[79.9755,6.58982],[79.97545,6.58971],[79.97496,6.5896],[79.97394,6.58975],[79.97349,6.59113],[79.97297,6.59127],[79.97166,6.59106],[79.97138,6.59204],[79.97152,6.5927],[79.97171,6.59234],[79.97204,6.59247],[79.9737,6.59166],[79.97403,6.59275],[79.97552,6.59232],[79.97638,6.59398],[79.97742,6.59342],[79.97774,6.59337],[79.97816,6.59488],[79.97854,6.59557],[79.97851,6.59583],[79.979,6.59615]]]}},{"type":"Feature","properties":{"pcode":"LK1203165","gn":"Siriwardana Pedesa","ds":"Negombo","district":"Gampaha"},"geometry":{"type":"Polygon","coordinates":[[[79.83001,7.19859],[79.83152,7.1988],[79.83147,7.19946],[79.83323,7.19921],[79.83562,7.19955],[79.83563,7.19817],[79.83516,7.1961],[79.8352,7.19573],[79.83541,7.19538],[79.83628,7.19464],[79.83686,7.19441],[79.83733,7.19458],[79.83751,7.19447],[79.83767,7.1941],[79.83753,7.19358],[79.83769,7.19294],[79.83766,7.19159],[79.83787,7.19123],[79.83771,7.191],[79.83771,7.19074],[79.83785,7.19053],[79.83822,7.19037],[79.83824,7.19003],[79.83765,7.18982],[79.83695,7.18879],[79.83528,7.18733],[79.83327,7.18522],[79.83281,7.18485],[79.83226,7.18467],[79.83112,7.18469],[79.82755,7.18645],[79.82708,7.18842],[79.82661,7.18966],[79.82664,7.19161],[79.82692,7.19264],[79.82734,7.19362],[79.82768,7.19529],[79.82788,7.19556],[79.8277,7.19584],[79.82696,7.19593],[79.82694,7.19603],[79.82807,7.19623],[79.82933,7.1975],[79.83001,7.19859]]]}},{"type":"Feature","properties":{"pcode":"LK1321335","gn":"Kalapuwa","ds":"Kalutara","district":"Kalutara"},"geometry":{"type":"Polygon","coordinates":[[[79.96365,6.55823],[79.96273,6.56118],[79.96159,6.56413],[79.96097,6.56524],[79.95967,6.56813],[79.9592,6.57057],[79.95922,6.57093],[79.95943,6.5713],[79.95993,6.57094],[79.96016,6.57043],[79.96058,6.57009],[79.96189,6.56964],[79.96251,6.56958],[79.96274,6.5682],[79.96341,6.56763],[79.96395,6.56684],[79.96685,6.56782],[79.96713,6.56708],[79.96729,6.56655],[79.96617,6.56618],[79.96652,6.56548],[79.96665,6.56438],[79.9668,6.56424],[79.96696,6.56378],[79.96633,6.56352],[79.96639,6.56293],[79.96659,6.56233],[79.96692,6.5619],[79.96715,6.56117],[79.96688,6.56106],[79.96687,6.56088],[79.96712,6.56082],[79.96706,6.56024],[79.96715,6.56022],[79.96741,6.55933],[79.96688,6.55928],[79.9662,6.55881],[79.96542,6.55878],[79.96495,6.55888],[79.96478,6.55856],[79.96376,6.55824],[79.96365,6.55823]]]}},{"type":"Feature","properties":{"pcode":"LK1321330","gn":"Kalutara South A","ds":"Kalutara","district":"Kalutara"},"geometry":{"type":"Polygon","coordinates":[[[79.9674,6.56991],[79.96535,6.569],[79.96274,6.5682],[79.96249,6.56995],[79.96248,6.57078],[79.96267,6.57229],[79.96421,6.5726],[79.96455,6.57277],[79.96451,6.5729],[79.9663,6.57328],[79.96672,6.57249],[79.96675,6.57225],[79.9666,6.57193],[79.96681,6.57125],[79.9673,6.57029],[79.96705,6.57022],[79.96707,6.5701],[79.96733,6.57013],[79.9674,6.56991]]]}},{"type":"Feature","properties":{"pcode":"LK1203160","gn":"Kurana East","ds":"Negombo","district":"Gampaha"},"geometry":{"type":"Polygon","coordinates":[[[79.86572,7.19054],[79.86629,7.18898],[79.86636,7.18809],[79.86703,7.18687],[79.8684,7.1837],[79.86808,7.18359],[79.86793,7.18391],[79.86731,7.18401],[79.86679,7.18396],[79.86498,7.1834],[79.86365,7.18323],[79.86281,7.18282],[79.86216,7.18282],[79.86154,7.18252],[79.86091,7.18274],[79.86048,7.18259],[79.85951,7.1854],[79.85941,7.18605],[79.85945,7.18687],[79.86145,7.18694],[79.86372,7.18728],[79.86006,7.19514],[79.8618,7.19563],[79.86323,7.19631],[79.86365,7.19639],[79.86371,7.19589],[79.86426,7.19476],[79.86418,7.19452],[79.86429,7.19422],[79.86468,7.19419],[79.86481,7.19401],[79.8648,7.19291],[79.86522,7.19168],[79.86493,7.19101],[79.86506,7.19069],[79.86521,7.1906],[79.86543,7.19066],[79.86572,7.19054]]]}},{"type":"Feature","properties":{"pcode":"LK1321325","gn":"Mahawatta","ds":"Kalutara","district":"Kalutara"},"geometry":{"type":"Polygon","coordinates":[[[79.96479,6.57684],[79.96613,6.57607],[79.96772,6.57555],[79.96787,6.575],[79.96766,6.57458],[79.96754,6.57385],[79.96772,6.5736],[79.9678,6.57324],[79.9682,6.57287],[79.96835,6.57214],[79.96802,6.57133],[79.96807,6.57073],[79.96824,6.57049],[79.9674,6.56991],[79.96733,6.57013],[79.96707,6.5701],[79.96705,6.57022],[79.9673,6.57029],[79.96681,6.57125],[79.9666,6.57193],[79.96675,6.57225],[79.96672,6.57249],[79.9661,6.57353],[79.96608,6.57376],[79.96574,6.57374],[79.96564,6.57513],[79.96517,6.57513],[79.96517,6.57565],[79.96487,6.57605],[79.96471,6.57668],[79.96479,6.57684]]]}},{"type":"Feature","properties":{"pcode":"LK1203155","gn":"Kurana West","ds":"Negombo","district":"Gampaha"},"geometry":{"type":"Polygon","coordinates":[[[79.86048,7.18259],[79.86039,7.18236],[79.86016,7.1822],[79.85952,7.1821],[79.85908,7.1818],[79.85873,7.18176],[79.85839,7.18153],[79.85773,7.18146],[79.85765,7.18111],[79.85722,7.18133],[79.85728,7.18161],[79.85783,7.18212],[79.85824,7.18286],[79.85788,7.18417],[79.85731,7.18513],[79.85717,7.18575],[79.85672,7.18613],[79.85647,7.18681],[79.85575,7.1879],[79.85572,7.18815],[79.85539,7.18834],[79.85493,7.18899],[79.85441,7.18918],[79.85423,7.18945],[79.85422,7.18978],[79.85447,7.19026],[79.85403,7.1908],[79.85391,7.19142],[79.85407,7.19164],[79.85342,7.19345],[79.85608,7.19452],[79.85621,7.19461],[79.85619,7.19473],[79.86006,7.19514],[79.86372,7.18728],[79.86145,7.18694],[79.85945,7.18687],[79.85941,7.18605],[79.85951,7.1854],[79.86048,7.18259]]]}},{"type":"Feature","properties":{"pcode":"LK1218210","gn":"Kurunduhena","ds":"Wattala","district":"Gampaha"},"geometry":{"type":"Polygon","coordinates":[[[79.88051,6.98889],[79.88073,6.98845],[79.88063,6.98806],[79.88158,6.98778],[79.8819,6.98745],[79.8817,6.98713],[79.88182,6.98704],[79.88079,6.9856],[79.87981,6.9858],[79.87979,6.98539],[79.87905,6.98569],[79.87892,6.98545],[79.8788,6.98547],[79.87836,6.98462],[79.87734,6.98492],[79.87661,6.98488],[79.8764,6.985],[79.8746,6.98492],[79.87445,6.98502],[79.87433,6.98887],[79.87685,6.98856],[79.87956,6.98841],[79.87965,6.98843],[79.87938,6.98904],[79.88051,6.98889]]]}},{"type":"Feature","properties":{"pcode":"LK1321320","gn":"Akkaragoda","ds":"Kalutara","district":"Kalutara"},"geometry":{"type":"Polygon","coordinates":[[[79.97115,6.57426],[79.97112,6.57314],[79.97158,6.57142],[79.96867,6.57071],[79.96824,6.57049],[79.96807,6.57073],[79.96802,6.57133],[79.96836,6.57238],[79.9682,6.57287],[79.9678,6.57324],[79.96772,6.5736],[79.96754,6.57385],[79.96766,6.57458],[79.96787,6.575],[79.96772,6.57555],[79.96925,6.57481],[79.97018,6.57464],[79.97115,6.57426]]]}},{"type":"Feature","properties":{"pcode":"LK1218205","gn":"Palliyawatta South","ds":"Wattala","district":"Gampaha"},"geometry":{"type":"Polygon","coordinates":[[[79.86902,6.97801],[79.86903,6.98001],[79.86894,6.98006],[79.86906,6.98075],[79.86893,6.98083],[79.86903,6.98122],[79.8689,6.98138],[79.86902,6.98145],[79.86897,6.98192],[79.86917,6.98201],[79.86916,6.98247],[79.86906,6.98344],[79.8689,6.98349],[79.86901,6.98366],[79.86893,6.98419],[79.86916,6.98427],[79.86917,6.98439],[79.8689,6.98621],[79.87085,6.98654],[79.87134,6.98704],[79.87441,6.98698],[79.87452,6.98169],[79.87463,6.9815],[79.87468,6.98072],[79.87354,6.9806],[79.87255,6.9802],[79.87014,6.97964],[79.86918,6.97871],[79.86918,6.97811],[79.86902,6.97801]]]}},{"type":"Feature","properties":{"pcode":"LK1321355","gn":"Wattamulla","ds":"Kalutara","district":"Kalutara"},"geometry":{"type":"Polygon","coordinates":[[[79.98758,6.57453],[79.98571,6.5744],[79.98554,6.57419],[79.985,6.57398],[79.98553,6.57226],[79.98524,6.57049],[79.985,6.56997],[79.98468,6.56977],[79.98298,6.56922],[79.98092,6.56833],[79.9806,6.56799],[79.97974,6.56852],[79.97773,6.56803],[79.97648,6.56798],[79.9758,6.56823],[79.97533,6.56827],[79.97406,6.5676],[79.97398,6.56775],[79.97338,6.56931],[79.9726,6.57196],[79.97344,6.57329],[79.97382,6.57361],[79.97498,6.57392],[79.9751,6.57416],[79.97511,6.57462],[79.97677,6.57617],[79.97639,6.57729],[79.97655,6.57828],[79.97804,6.57902],[79.97913,6.57988],[79.9801,6.58045],[79.98407,6.58148],[79.98603,6.58277],[79.9864,6.5825],[79.98723,6.58175],[79.98773,6.58101],[79.98817,6.57929],[79.98817,6.57765],[79.98781,6.57533],[79.98758,6.57453]]]}},{"type":"Feature","properties":{"pcode":"LK1218200","gn":"Thimbirigasyaya","ds":"Wattala","district":"Gampaha"},"geometry":{"type":"Polygon","coordinates":[[[79.88051,6.98889],[79.87938,6.98904],[79.87965,6.98843],[79.87956,6.98841],[79.87685,6.98856],[79.87433,6.98887],[79.87422,6.99349],[79.87384,6.99456],[79.87662,6.99477],[79.87874,6.99438],[79.88113,6.99494],[79.88132,6.9939],[79.8812,6.99315],[79.88142,6.99241],[79.8813,6.99206],[79.88164,6.99175],[79.88208,6.99099],[79.88226,6.98996],[79.88153,6.98957],[79.88104,6.98899],[79.88051,6.98889]]]}},{"type":"Feature","properties":{"pcode":"LK1321350","gn":"Maha Heenatiyangala","ds":"Kalutara","district":"Kalutara"},"geometry":{"type":"Polygon","coordinates":[[[79.97652,6.57824],[79.97639,6.57729],[79.97677,6.57617],[79.97511,6.57462],[79.9751,6.57416],[79.97498,6.57392],[79.97382,6.57361],[79.97344,6.57329],[79.9726,6.57196],[79.97338,6.56931],[79.97432,6.56705],[79.97415,6.56635],[79.97376,6.56562],[79.9734,6.5655],[79.9724,6.56562],[79.97239,6.56469],[79.97277,6.56432],[79.97206,6.56391],[79.97166,6.56382],[79.97082,6.56461],[79.97138,6.56555],[79.97114,6.56635],[79.97124,6.56847],[79.97106,6.56923],[79.97164,6.57078],[79.97158,6.57141],[79.97112,6.57314],[79.97123,6.57473],[79.9711,6.57558],[79.97115,6.57642],[79.97068,6.57746],[79.9699,6.57837],[79.96964,6.57886],[79.96947,6.57953],[79.96901,6.57983],[79.9687,6.58055],[79.96941,6.5807],[79.96999,6.58014],[79.97074,6.57983],[79.97119,6.57985],[79.97189,6.57943],[79.97301,6.57897],[79.97359,6.57853],[79.97415,6.57834],[79.97569,6.57799],[79.97652,6.57824]]]}},{"type":"Feature","properties":{"pcode":"LK1206145","gn":"Akkara 50","ds":"Katana","district":"Gampaha"},"geometry":{"type":"Polygon","coordinates":[[[79.88133,7.1943],[79.87421,7.19577],[79.87417,7.19557],[79.86871,7.19243],[79.86572,7.19054],[79.86543,7.19066],[79.86521,7.1906],[79.86506,7.19069],[79.86491,7.19108],[79.86522,7.19168],[79.8648,7.19291],[79.86478,7.19414],[79.86438,7.19415],[79.86419,7.19442],[79.86426,7.19476],[79.86371,7.19589],[79.86359,7.19643],[79.86341,7.19799],[79.86178,7.19838],[79.86167,7.19908],[79.86116,7.20055],[79.8613,7.20061],[79.86116,7.20076],[79.8604,7.2033],[79.8619,7.2035],[79.88073,7.20464],[79.88133,7.1943]]]}},{"type":"Feature","properties":{"pcode":"LK1321345","gn":"Kurunduwatta","ds":"Kalutara","district":"Kalutara"},"geometry":{"type":"Polygon","coordinates":[[[79.97082,6.56462],[79.97058,6.56512],[79.9704,6.56517],[79.96949,6.56485],[79.96927,6.56498],[79.96868,6.56683],[79.96869,6.56733],[79.96832,6.5682],[79.96844,6.56828],[79.96826,6.56888],[79.96744,6.56994],[79.96862,6.57069],[79.97158,6.57142],[79.97161,6.57059],[79.97106,6.56923],[79.97124,6.56847],[79.97114,6.56635],[79.97138,6.56555],[79.97082,6.56462]]]}},{"type":"Feature","properties":{"pcode":"LK1206140","gn":"Kadirana","ds":"Katana","district":"Gampaha"},"geometry":{"type":"Polygon","coordinates":[[[79.88024,7.21377],[79.88073,7.20464],[79.8619,7.2035],[79.86027,7.20327],[79.8588,7.20679],[79.85891,7.20696],[79.85933,7.20691],[79.86056,7.20741],[79.8616,7.20808],[79.86165,7.20835],[79.86132,7.20909],[79.86083,7.2121],[79.86208,7.2126],[79.86297,7.21276],[79.86351,7.21273],[79.86486,7.2131],[79.86494,7.2129],[79.86626,7.21297],[79.86683,7.21218],[79.867,7.21232],[79.86708,7.21265],[79.8675,7.21284],[79.86753,7.21301],[79.86761,7.21281],[79.86775,7.21284],[79.86773,7.21305],[79.88024,7.21377]]]}},{"type":"Feature","properties":{"pcode":"LK1218230","gn":"Hekitta","ds":"Wattala","district":"Gampaha"},"geometry":{"type":"Polygon","coordinates":[[[79.88451,6.98467],[79.88675,6.9842],[79.886,6.98231],[79.88548,6.98138],[79.88518,6.98128],[79.88419,6.98141],[79.88353,6.98103],[79.88322,6.98069],[79.88274,6.98061],[79.88217,6.97996],[79.88025,6.98101],[79.87909,6.98118],[79.87695,6.98078],[79.87468,6.98072],[79.87463,6.9815],[79.87452,6.98169],[79.87445,6.98502],[79.8746,6.98492],[79.8764,6.985],[79.87661,6.98488],[79.87734,6.98492],[79.87785,6.98471],[79.87842,6.98463],[79.8788,6.98547],[79.87892,6.98545],[79.87905,6.98569],[79.87979,6.98539],[79.87981,6.9858],[79.88079,6.9856],[79.88182,6.98704],[79.8817,6.98713],[79.8819,6.98745],[79.88274,6.98742],[79.88247,6.98655],[79.88333,6.98629],[79.88338,6.98542],[79.88383,6.98538],[79.88398,6.98468],[79.88451,6.98467]]]}},{"type":"Feature","properties":{"pcode":"LK1321340","gn":"Wettumakada","ds":"Kalutara","district":"Kalutara"},"geometry":{"type":"Polygon","coordinates":[[[79.97082,6.56462],[79.96956,6.56246],[79.96864,6.56237],[79.96685,6.56782],[79.96395,6.56684],[79.96341,6.56763],[79.96275,6.5682],[79.96535,6.569],[79.96744,6.56994],[79.96826,6.56888],[79.96844,6.56828],[79.96832,6.5682],[79.96869,6.56733],[79.96868,6.56683],[79.96927,6.56498],[79.96949,6.56485],[79.9704,6.56517],[79.97058,6.56512],[79.97082,6.56462]]]}},{"type":"Feature","properties":{"pcode":"LK1218225","gn":"Galwetiya","ds":"Wattala","district":"Gampaha"},"geometry":{"type":"Polygon","coordinates":[[[79.88919,6.98565],[79.88878,6.98496],[79.88865,6.98389],[79.88801,6.98164],[79.88834,6.98058],[79.88933,6.9788],[79.8894,6.97827],[79.88807,6.97586],[79.88711,6.97376],[79.88498,6.97466],[79.88482,6.97658],[79.88426,6.97783],[79.88365,6.97862],[79.88249,6.97953],[79.88233,6.97987],[79.88217,6.97996],[79.88274,6.98061],[79.88322,6.98069],[79.88353,6.98103],[79.88419,6.98141],[79.88518,6.98128],[79.88548,6.98138],[79.886,6.98231],[79.88675,6.9842],[79.88656,6.98423],[79.88688,6.98451],[79.88703,6.9858],[79.88758,6.9865],[79.88815,6.98611],[79.88895,6.98594],[79.88919,6.98565]]]}},{"type":"Feature","properties":{"pcode":"LK1221010","gn":"Dandugama","ds":"Ja Ela","district":"Gampaha"},"geometry":{"type":"Polygon","coordinates":[[[79.88546,7.09859],[79.88709,7.09555],[79.88749,7.09446],[79.88687,7.09437],[79.88648,7.09438],[79.88643,7.09454],[79.8861,7.09447],[79.88605,7.09399],[79.88509,7.09339],[79.8846,7.09321],[79.88403,7.09365],[79.88156,7.0938],[79.87895,7.09263],[79.87875,7.09572],[79.87683,7.09576],[79.87562,7.09608],[79.87332,7.096],[79.87276,7.09574],[79.87253,7.0958],[79.8724,7.09602],[79.87219,7.0978],[79.87204,7.098],[79.87162,7.09822],[79.87025,7.09825],[79.86958,7.0978],[79.86836,7.09778],[79.86803,7.09757],[79.86612,7.09866],[79.86558,7.09968],[79.86528,7.10093],[79.86465,7.10221],[79.86421,7.10346],[79.8635,7.10463],[79.86274,7.10523],[79.86111,7.10572],[79.86008,7.10545],[79.85952,7.10493],[79.85955,7.1058],[79.85983,7.10674],[79.85973,7.10712],[79.86045,7.10814],[79.8607,7.10828],[79.86142,7.10788],[79.86175,7.10794],[79.86237,7.10834],[79.86295,7.10833],[79.86343,7.10797],[79.86379,7.10787],[79.86409,7.10788],[79.86464,7.10829],[79.86528,7.10859],[79.86709,7.10812],[79.86879,7.10838],[79.87026,7.10939],[79.87048,7.10975],[79.87075,7.10989],[79.87113,7.10991],[79.87171,7.10925],[79.87218,7.10766],[79.87259,7.10731],[79.87276,7.10726],[79.87444,7.10769],[79.87515,7.10771],[79.87684,7.10743],[79.87764,7.10699],[79.87838,7.10691],[79.87908,7.10718],[79.87953,7.10756],[79.88003,7.10841],[79.88046,7.10888],[79.8816,7.10929],[79.88246,7.10978],[79.88287,7.11047],[79.88353,7.10997],[79.88368,7.10955],[79.88371,7.10834],[79.88383,7.10777],[79.88388,7.10482],[79.88429,7.10167],[79.88546,7.09859]]]}},{"type":"Feature","properties":{"pcode":"LK1206215","gn":"Kurana Katunayaka North","ds":"Katana","district":"Gampaha"},"geometry":{"type":"Polygon","coordinates":[[[79.8684,7.1837],[79.86866,7.18282],[79.86877,7.18278],[79.86882,7.18193],[79.8695,7.17939],[79.86891,7.17917],[79.86872,7.17958],[79.8686,7.17956],[79.8684,7.17989],[79.86663,7.1794],[79.86727,7.17817],[79.86641,7.17797],[79.86619,7.17808],[79.86524,7.178],[79.86463,7.17808],[79.86428,7.17786],[79.86393,7.1779],[79.8624,7.17752],[79.86236,7.1778],[79.86208,7.17779],[79.86101,7.17742],[79.86078,7.17813],[79.85997,7.17954],[79.85952,7.17982],[79.85944,7.18014],[79.85875,7.1808],[79.85827,7.18105],[79.85775,7.181],[79.85765,7.18111],[79.85773,7.18146],[79.85839,7.18153],[79.85873,7.18176],[79.85908,7.1818],[79.85952,7.1821],[79.86016,7.1822],[79.86039,7.18236],[79.86048,7.18259],[79.86091,7.18274],[79.86154,7.18252],[79.86216,7.18282],[79.86281,7.18282],[79.86365,7.18323],[79.86498,7.1834],[79.86679,7.18396],[79.86731,7.18401],[79.86793,7.18391],[79.86808,7.18359],[79.8684,7.1837]]]}},{"type":"Feature","properties":{"pcode":"LK1206210","gn":"Kurana Katunayaka West","ds":"Katana","district":"Gampaha"},"geometry":{"type":"Polygon","coordinates":[[[79.8695,7.17939],[79.87022,7.17731],[79.87079,7.17643],[79.87102,7.1751],[79.87131,7.17454],[79.87084,7.17432],[79.87077,7.1744],[79.87057,7.17434],[79.87058,7.1742],[79.87033,7.17409],[79.87038,7.17395],[79.86905,7.17371],[79.86904,7.17363],[79.86872,7.17365],[79.86822,7.17395],[79.8674,7.17386],[79.86725,7.17361],[79.8662,7.17299],[79.86484,7.17262],[79.86411,7.17226],[79.86389,7.17233],[79.86369,7.17257],[79.86347,7.17335],[79.86277,7.17475],[79.8623,7.17546],[79.86123,7.1767],[79.86127,7.17692],[79.86108,7.17703],[79.86101,7.17742],[79.86208,7.17779],[79.86236,7.1778],[79.8624,7.17752],[79.86393,7.1779],[79.86428,7.17786],[79.86463,7.17808],[79.86524,7.178],[79.86619,7.17808],[79.86641,7.17797],[79.86727,7.17817],[79.86663,7.1794],[79.8684,7.17989],[79.8686,7.17956],[79.86872,7.17958],[79.86891,7.17917],[79.8695,7.17939]]]}},{"type":"Feature","properties":{"pcode":"LK1206205","gn":"Air Force Camp","ds":"Katana","district":"Gampaha"},"geometry":{"type":"Polygon","coordinates":[[[79.89832,7.19575],[79.89761,7.19563],[79.89749,7.19547],[79.89705,7.19539],[79.89587,7.19528],[79.89556,7.19494],[79.89639,7.19355],[79.89671,7.19325],[79.89727,7.19197],[79.89693,7.19077],[79.89622,7.18931],[79.89625,7.18864],[79.896,7.18826],[79.8962,7.18794],[79.8954,7.18739],[79.89497,7.18237],[79.89306,7.17968],[79.89076,7.17695],[79.88881,7.17437],[79.88717,7.17255],[79.88566,7.17129],[79.88392,7.16909],[79.88331,7.16868],[79.87686,7.16124],[79.87712,7.16099],[79.87621,7.16006],[79.87621,7.16034],[79.87561,7.16087],[79.87549,7.16095],[79.87543,7.16088],[79.87505,7.16144],[79.87405,7.16391],[79.87345,7.16369],[79.87243,7.1667],[79.87178,7.168],[79.87224,7.16837],[79.87227,7.16887],[79.87273,7.16911],[79.87312,7.1698],[79.87209,7.17223],[79.87188,7.17339],[79.87102,7.1751],[79.87079,7.17643],[79.87022,7.17731],[79.86925,7.1801],[79.86878,7.18214],[79.86877,7.18278],[79.86866,7.18282],[79.8685,7.18346],[79.86716,7.18658],[79.86636,7.18809],[79.86629,7.18898],[79.86575,7.19062],[79.87417,7.19557],[79.87421,7.19577],[79.88028,7.19449],[79.88456,7.19372],[79.88714,7.19335],[79.88962,7.19328],[79.89138,7.19565],[79.89063,7.19582],[79.89047,7.19624],[79.89014,7.19635],[79.88954,7.19692],[79.88929,7.19697],[79.889,7.19671],[79.88885,7.19675],[79.8887,7.19744],[79.88913,7.19827],[79.88956,7.19838],[79.89114,7.19642],[79.89184,7.19644],[79.89282,7.19671],[79.89247,7.1964],[79.8936,7.19663],[79.89431,7.19651],[79.89466,7.19629],[79.89498,7.19629],[79.89489,7.19643],[79.89495,7.19668],[79.89592,7.19795],[79.89582,7.19807],[79.89715,7.19978],[79.89737,7.1986],[79.898,7.19768],[79.89832,7.19575]]]}},{"type":"Feature","properties":{"pcode":"LK1206200","gn":"Evariwatta","ds":"Katana","district":"Gampaha"},"geometry":{"type":"Polygon","coordinates":[[[79.89677,7.18268],[79.89622,7.18167],[79.89619,7.18115],[79.89638,7.18095],[79.89789,7.18093],[79.89816,7.18072],[79.89827,7.18051],[79.89822,7.18017],[79.89786,7.17975],[79.8978,7.17943],[79.89872,7.1786],[79.89901,7.17806],[79.89908,7.17757],[79.899,7.17727],[79.89852,7.1767],[79.89753,7.17672],[79.89688,7.17689],[79.89591,7.17682],[79.89547,7.17633],[79.89536,7.17591],[79.89471,7.17512],[79.89457,7.17455],[79.89528,7.17412],[79.89541,7.17366],[79.89539,7.1731],[79.89579,7.1717],[79.89651,7.17087],[79.89593,7.17079],[79.89564,7.16917],[79.89584,7.16909],[79.89556,7.16765],[79.89531,7.16746],[79.89454,7.1672],[79.89458,7.16629],[79.8853,7.16578],[79.88523,7.16499],[79.88499,7.16418],[79.88519,7.16367],[79.88553,7.16345],[79.88555,7.16258],[79.88584,7.16232],[79.88597,7.16193],[79.88639,7.16165],[79.88641,7.16141],[79.8862,7.16109],[79.88581,7.16079],[79.8856,7.16093],[79.88478,7.16072],[79.88488,7.16028],[79.88435,7.15982],[79.88332,7.16002],[79.88357,7.15537],[79.88321,7.1553],[79.88322,7.15484],[79.8826,7.15468],[79.88216,7.15432],[79.88209,7.15393],[79.8822,7.15363],[79.88207,7.15336],[79.88216,7.15313],[79.8819,7.1531],[79.88189,7.15263],[79.88174,7.15258],[79.88175,7.15217],[79.88066,7.15169],[79.87977,7.15091],[79.87871,7.15445],[79.87799,7.15618],[79.87873,7.15602],[79.87857,7.15679],[79.8777,7.15865],[79.87709,7.16108],[79.87686,7.16124],[79.88331,7.16868],[79.88392,7.16909],[79.88566,7.17129],[79.88717,7.17255],[79.88881,7.17437],[79.89076,7.17695],[79.89328,7.17999],[79.895,7.18244],[79.8954,7.18739],[79.8962,7.18794],[79.89645,7.18763],[79.89737,7.18707],[79.89748,7.18638],[79.89742,7.186],[79.89771,7.1855],[79.89755,7.18475],[79.89793,7.18414],[79.89738,7.18344],[79.8969,7.18321],[79.89677,7.18268]]]}},{"type":"Feature","properties":{"pcode":"LK1218155","gn":"Palliyawatta North","ds":"Wattala","district":"Gampaha"},"geometry":{"type":"Polygon","coordinates":[[[79.86886,6.98628],[79.86879,6.98641],[79.8689,6.98651],[79.8689,6.9868],[79.86875,6.98734],[79.86886,6.98756],[79.86883,6.98813],[79.86846,6.98997],[79.86765,6.99254],[79.86724,6.99527],[79.86742,6.99531],[79.86751,6.99496],[79.86782,6.99511],[79.8679,6.99557],[79.86756,6.99615],[79.86791,6.99676],[79.86805,6.99741],[79.86936,6.99696],[79.87038,6.99614],[79.87045,6.99648],[79.87034,6.99661],[79.87033,6.9971],[79.87075,6.99751],[79.87082,6.99777],[79.87043,6.99803],[79.87044,6.99892],[79.87075,6.99921],[79.87156,6.99938],[79.87416,6.99388],[79.87441,6.98698],[79.87134,6.98704],[79.87085,6.98654],[79.86917,6.98623],[79.86886,6.98628]]]}},{"type":"Feature","properties":{"pcode":"LK1206060","gn":"Welihena North","ds":"Katana","district":"Gampaha"},"geometry":{"type":"Polygon","coordinates":[[[79.86209,7.24807],[79.86152,7.24493],[79.86173,7.24175],[79.86139,7.24133],[79.86101,7.24004],[79.86085,7.24001],[79.861,7.2403],[79.86036,7.24076],[79.86009,7.24146],[79.85981,7.24169],[79.8593,7.24184],[79.85924,7.24261],[79.85952,7.24314],[79.85977,7.24319],[79.86001,7.24364],[79.85967,7.24374],[79.85939,7.24401],[79.85894,7.24413],[79.85862,7.24438],[79.85852,7.24525],[79.85836,7.24551],[79.85794,7.24741],[79.85753,7.24756],[79.85722,7.24786],[79.85688,7.24911],[79.85614,7.25043],[79.85599,7.25136],[79.85536,7.25337],[79.85493,7.25365],[79.85549,7.25467],[79.85591,7.2578],[79.8564,7.25989],[79.85717,7.25973],[79.85974,7.25969],[79.86151,7.26033],[79.86212,7.25998],[79.86237,7.2596],[79.86255,7.25852],[79.86242,7.25735],[79.86249,7.25653],[79.86284,7.25515],[79.86272,7.25489],[79.86216,7.25472],[79.86213,7.2544],[79.86255,7.25198],[79.86344,7.24984],[79.86329,7.24915],[79.86237,7.24852],[79.86209,7.24807]]]}},{"type":"Feature","properties":{"pcode":"LK1218150","gn":"Dikovita","ds":"Wattala","district":"Gampaha"},"geometry":{"type":"Polygon","coordinates":[[[79.86805,6.99742],[79.86757,6.99903],[79.86786,6.99896],[79.86799,6.99919],[79.86796,7.00017],[79.86758,7.00025],[79.86812,7.00032],[79.86818,7.00088],[79.86802,7.00134],[79.86756,7.002],[79.8675,7.00282],[79.86698,7.00381],[79.86697,7.00547],[79.86668,7.00661],[79.86549,7.00894],[79.86455,7.01209],[79.86468,7.01225],[79.86429,7.01338],[79.8644,7.01352],[79.8641,7.01416],[79.86415,7.01452],[79.86406,7.0148],[79.86419,7.01496],[79.86372,7.01602],[79.86393,7.01628],[79.86395,7.01654],[79.86371,7.01725],[79.86517,7.01726],[79.8665,7.01744],[79.86693,7.01765],[79.86878,7.00521],[79.87156,6.99938],[79.87075,6.99921],[79.87044,6.99892],[79.87043,6.99803],[79.87082,6.99777],[79.87075,6.99751],[79.87033,6.9971],[79.87034,6.99661],[79.87045,6.99648],[79.87038,6.99614],[79.86936,6.99696],[79.86805,6.99742]]]}},{"type":"Feature","properties":{"pcode":"LK1218145","gn":"Balagala","ds":"Wattala","district":"Gampaha"},"geometry":{"type":"Polygon","coordinates":[[[79.88035,7.02216],[79.88233,7.0202],[79.88275,7.01963],[79.88284,7.01793],[79.88276,7.01791],[79.88272,7.01706],[79.88269,7.01301],[79.88063,7.01114],[79.88061,7.00867],[79.88015,7.00852],[79.87746,7.00852],[79.87763,7.00641],[79.87795,7.00646],[79.87912,7.00705],[79.87992,7.0059],[79.87934,7.0054],[79.87944,7.00523],[79.87893,7.00422],[79.87873,7.00311],[79.87803,7.00278],[79.87752,7.00198],[79.87736,7.00162],[79.87746,7.00146],[79.87734,7.00081],[79.87636,7.00063],[79.87639,7.00008],[79.87629,7.00005],[79.87647,6.99924],[79.87546,6.99908],[79.87542,6.99876],[79.874,6.999],[79.87388,6.99832],[79.87322,6.99844],[79.87309,6.99807],[79.87231,6.99786],[79.86878,7.00521],[79.86693,7.01765],[79.8692,7.018],[79.86999,7.01826],[79.87046,7.0188],[79.87078,7.01898],[79.87305,7.02242],[79.87401,7.02228],[79.88035,7.02216]]]}},{"type":"Feature","properties":{"pcode":"LK1218140","gn":"Matagoda","ds":"Wattala","district":"Gampaha"},"geometry":{"type":"Polygon","coordinates":[[[79.88567,7.00121],[79.88501,7.00097],[79.88308,7.00069],[79.8829,7.00061],[79.88282,7.00028],[79.88158,7.00024],[79.88156,6.99912],[79.88175,6.99825],[79.88206,6.99793],[79.88197,6.99788],[79.87985,6.99765],[79.87964,6.99739],[79.8788,6.99738],[79.87773,6.99715],[79.87787,6.99845],[79.87643,6.99877],[79.87543,6.99878],[79.87546,6.99908],[79.87647,6.99924],[79.87629,7.00005],[79.87639,7.00008],[79.87636,7.00063],[79.87734,7.00081],[79.87746,7.00146],[79.87736,7.00162],[79.87752,7.00198],[79.87803,7.00278],[79.87873,7.00311],[79.87893,7.00422],[79.87944,7.00523],[79.87934,7.0054],[79.87992,7.0059],[79.87912,7.00705],[79.87795,7.00646],[79.87763,7.00641],[79.87746,7.00852],[79.88015,7.00852],[79.88061,7.00867],[79.88063,7.01114],[79.88269,7.01301],[79.88276,7.01791],[79.88309,7.01797],[79.88463,7.01779],[79.88479,7.01713],[79.88461,7.01509],[79.88463,7.01496],[79.88495,7.01487],[79.88466,7.01243],[79.88443,7.01238],[79.88416,7.01207],[79.88394,7.01205],[79.88393,7.01185],[79.88354,7.01179],[79.8837,7.01138],[79.88391,7.01133],[79.88397,7.01119],[79.88377,7.01118],[79.88369,7.01088],[79.88343,7.01092],[79.88303,7.01023],[79.88247,7.01037],[79.88234,7.01009],[79.88117,7.01028],[79.88095,7.01019],[79.88094,7.00979],[79.88118,7.0095],[79.88362,7.00847],[79.88332,7.00737],[79.88321,7.00633],[79.88336,7.00602],[79.88463,7.00545],[79.88463,7.00454],[79.885,7.0046],[79.88616,7.00417],[79.88577,7.00278],[79.88567,7.00121]]]}},{"type":"Feature","properties":{"pcode":"LK1206115","gn":"Sellakanda","ds":"Katana","district":"Gampaha"},"geometry":{"type":"Polygon","coordinates":[[[79.86341,7.22189],[79.86158,7.22118],[79.85872,7.21981],[79.8589,7.21936],[79.85913,7.21932],[79.85934,7.21883],[79.85983,7.21697],[79.86012,7.21684],[79.86002,7.21594],[79.86009,7.21565],[79.8593,7.21546],[79.8592,7.21575],[79.85881,7.2158],[79.85824,7.21638],[79.85785,7.21611],[79.85779,7.21581],[79.85681,7.21502],[79.85553,7.21448],[79.85415,7.21741],[79.85409,7.2179],[79.85315,7.22008],[79.8529,7.2213],[79.85194,7.22271],[79.8554,7.22385],[79.85567,7.22322],[79.85666,7.22383],[79.8571,7.22396],[79.85692,7.22454],[79.85699,7.22466],[79.85871,7.22485],[79.85917,7.22413],[79.85915,7.22376],[79.85985,7.22408],[79.85964,7.22462],[79.8599,7.22454],[79.86009,7.22484],[79.86047,7.225],[79.86119,7.22475],[79.86201,7.22487],[79.86265,7.22426],[79.86368,7.22495],[79.86519,7.22535],[79.86409,7.22369],[79.86367,7.22216],[79.86341,7.22189]]]}},{"type":"Feature","properties":{"pcode":"LK1218165","gn":"Nayakakanda North","ds":"Wattala","district":"Gampaha"},"geometry":{"type":"Polygon","coordinates":[[[79.88637,6.99889],[79.88642,6.99819],[79.88692,6.99809],[79.887,6.99675],[79.88627,6.99674],[79.88455,6.99588],[79.88105,6.99498],[79.88046,6.99627],[79.8806,6.99684],[79.8809,6.99693],[79.88073,6.99774],[79.88206,6.99793],[79.88178,6.9982],[79.88167,6.99858],[79.88156,6.99912],[79.88158,7.00024],[79.88282,7.00028],[79.8829,7.00061],[79.88308,7.00069],[79.88501,7.00097],[79.88567,7.00121],[79.88598,7.00115],[79.88618,7.00096],[79.88608,6.99997],[79.88578,6.99913],[79.88637,6.99889]]]}},{"type":"Feature","properties":{"pcode":"LK1218160","gn":"Elakanda","ds":"Wattala","district":"Gampaha"},"geometry":{"type":"Polygon","coordinates":[[[79.87543,6.99878],[79.87643,6.99877],[79.87787,6.99845],[79.87773,6.99715],[79.8788,6.99738],[79.87964,6.99739],[79.87985,6.99765],[79.88073,6.99774],[79.8809,6.99693],[79.8806,6.99684],[79.88045,6.99626],[79.88109,6.99493],[79.87874,6.99438],[79.87662,6.99477],[79.87384,6.99456],[79.87231,6.99786],[79.87309,6.99807],[79.87322,6.99844],[79.87388,6.99832],[79.874,6.999],[79.87543,6.99878]]]}},{"type":"Feature","properties":{"pcode":"LK1206120","gn":"Katuwapitiya","ds":"Katana","district":"Gampaha"},"geometry":{"type":"Polygon","coordinates":[[[79.86003,7.21586],[79.86129,7.21599],[79.86133,7.21558],[79.86207,7.21563],[79.8622,7.21534],[79.86247,7.21537],[79.86249,7.21521],[79.8632,7.21538],[79.86326,7.21519],[79.86518,7.21594],[79.86568,7.2136],[79.86502,7.21387],[79.86468,7.21381],[79.86455,7.21372],[79.86486,7.2131],[79.86448,7.21293],[79.8617,7.21251],[79.8614,7.21228],[79.86084,7.21211],[79.86132,7.20909],[79.86165,7.20835],[79.8616,7.20808],[79.86056,7.20741],[79.85933,7.20691],[79.85891,7.20696],[79.8588,7.20679],[79.8583,7.20803],[79.85829,7.209],[79.85806,7.20984],[79.85721,7.21117],[79.85676,7.21285],[79.85661,7.21305],[79.85622,7.21314],[79.85553,7.21448],[79.85681,7.21502],[79.85779,7.21581],[79.85785,7.21611],[79.85824,7.21638],[79.85881,7.2158],[79.8592,7.21575],[79.8593,7.21546],[79.86009,7.21565],[79.86003,7.21586]]]}},{"type":"Feature","properties":{"pcode":"LK1127065","gn":"Milagiriya","ds":"Thimbirigasyaya","district":"Colombo"},"geometry":{"type":"Polygon","coordinates":[[[79.85502,6.88404],[79.85347,6.8913],[79.85295,6.89301],[79.85539,6.89382],[79.8546,6.89624],[79.85854,6.89752],[79.85848,6.89778],[79.85897,6.89796],[79.85968,6.89814],[79.86028,6.89816],[79.8599,6.89753],[79.8598,6.89703],[79.85988,6.89708],[79.86,6.89659],[79.8609,6.89517],[79.86163,6.89425],[79.8619,6.89354],[79.86111,6.89336],[79.86149,6.89166],[79.86106,6.89152],[79.86166,6.88946],[79.8605,6.88915],[79.86194,6.88493],[79.85837,6.88418],[79.85812,6.88502],[79.85502,6.88404]]]}},{"type":"Feature","properties":{"pcode":"LK1127060","gn":"Thimbirigasyaya","ds":"Thimbirigasyaya","district":"Colombo"},"geometry":{"type":"Polygon","coordinates":[[[79.87712,6.89698],[79.87485,6.89612],[79.87346,6.89599],[79.87283,6.89578],[79.87082,6.89406],[79.86901,6.8916],[79.8684,6.89133],[79.86706,6.89136],[79.86618,6.89099],[79.86569,6.8907],[79.86597,6.88963],[79.86508,6.88946],[79.86479,6.88896],[79.8641,6.88881],[79.86362,6.89076],[79.86242,6.89209],[79.86163,6.89425],[79.8609,6.89517],[79.86,6.89659],[79.85988,6.89708],[79.86041,6.8975],[79.86141,6.8979],[79.86519,6.89987],[79.86831,6.90132],[79.86952,6.90203],[79.87681,6.90842],[79.87741,6.90928],[79.87743,6.9071],[79.87712,6.89698]]]}},{"type":"Feature","properties":{"pcode":"LK1127085","gn":"Wellawatta North","ds":"Thimbirigasyaya","district":"Colombo"},"geometry":{"type":"Polygon","coordinates":[[[79.85762,6.87282],[79.85673,6.87636],[79.85649,6.87687],[79.85623,6.87827],[79.85596,6.8784],[79.8559,6.87862],[79.86217,6.88044],[79.86305,6.88101],[79.86456,6.88234],[79.86857,6.88421],[79.87127,6.88529],[79.87116,6.88198],[79.87102,6.88133],[79.87012,6.88128],[79.87114,6.87925],[79.87092,6.8791],[79.86939,6.87885],[79.86949,6.87988],[79.86862,6.87965],[79.86849,6.87968],[79.86835,6.87992],[79.86546,6.87962],[79.86532,6.87954],[79.86541,6.87898],[79.8658,6.87774],[79.86598,6.87661],[79.86538,6.87652],[79.86568,6.8756],[79.86337,6.87514],[79.86308,6.87497],[79.86126,6.87455],[79.86149,6.87371],[79.85762,6.87282]]]}},{"type":"Feature","properties":{"pcode":"LK1127080","gn":"Kirulapone","ds":"Thimbirigasyaya","district":"Colombo"},"geometry":{"type":"Polygon","coordinates":[[[79.88444,6.88253],[79.88485,6.87967],[79.88494,6.87773],[79.88548,6.87632],[79.88611,6.87503],[79.88708,6.87446],[79.88762,6.87399],[79.88782,6.87391],[79.888,6.874],[79.88807,6.8734],[79.88707,6.87354],[79.88575,6.87395],[79.88508,6.87339],[79.88364,6.87309],[79.88341,6.87245],[79.88261,6.87294],[79.8821,6.87343],[79.88062,6.8764],[79.88027,6.87688],[79.87981,6.87726],[79.87904,6.87762],[79.87582,6.87842],[79.87381,6.87871],[79.87247,6.87848],[79.87193,6.87852],[79.87145,6.87879],[79.87124,6.87906],[79.87012,6.88128],[79.87102,6.88133],[79.87118,6.88235],[79.87127,6.88499],[79.8712,6.88534],[79.87255,6.88604],[79.87452,6.88751],[79.8756,6.88795],[79.87693,6.88823],[79.87712,6.88672],[79.87679,6.88548],[79.87625,6.88499],[79.87603,6.8845],[79.87614,6.88444],[79.87612,6.88317],[79.87646,6.88302],[79.87717,6.88297],[79.87836,6.88338],[79.87888,6.88467],[79.87931,6.88392],[79.87947,6.8833],[79.87974,6.88315],[79.88062,6.88297],[79.88048,6.88249],[79.88079,6.88244],[79.88194,6.88263],[79.88234,6.8826],[79.88235,6.88249],[79.88444,6.88253]]]}},{"type":"Feature","properties":{"pcode":"LK1127075","gn":"Kirula","ds":"Thimbirigasyaya","district":"Colombo"},"geometry":{"type":"Polygon","coordinates":[[[79.88413,6.89455],[79.88471,6.8929],[79.88471,6.89219],[79.88396,6.89019],[79.88378,6.88885],[79.88249,6.88794],[79.88446,6.88459],[79.88438,6.88422],[79.88444,6.88253],[79.88235,6.88249],[79.88234,6.8826],[79.88194,6.88263],[79.88079,6.88244],[79.88048,6.88249],[79.88062,6.88297],[79.87974,6.88315],[79.87947,6.8833],[79.87931,6.88392],[79.87888,6.88467],[79.87836,6.88338],[79.87717,6.88297],[79.87627,6.88309],[79.87608,6.88332],[79.87614,6.88444],[79.87603,6.8845],[79.87625,6.88499],[79.87679,6.88548],[79.87712,6.88672],[79.87693,6.88823],[79.8756,6.88795],[79.87452,6.88751],[79.87255,6.88604],[79.87112,6.88529],[79.87097,6.88639],[79.86961,6.88661],[79.86967,6.88818],[79.86831,6.88821],[79.86834,6.88924],[79.86804,6.88927],[79.86786,6.88956],[79.86727,6.88954],[79.86727,6.88997],[79.86816,6.89006],[79.86846,6.89025],[79.86847,6.89046],[79.86869,6.89049],[79.86841,6.89134],[79.86909,6.89168],[79.87082,6.89406],[79.87263,6.89564],[79.87317,6.89593],[79.87485,6.89612],[79.87712,6.89698],[79.87706,6.89417],[79.87786,6.89403],[79.87989,6.89443],[79.88093,6.89433],[79.88413,6.89455]]]}},{"type":"Feature","properties":{"pcode":"LK1127070","gn":"Havelock Town","ds":"Thimbirigasyaya","district":"Colombo"},"geometry":{"type":"Polygon","coordinates":[[[79.85583,6.87885],[79.85604,6.87906],[79.85598,6.87973],[79.85502,6.88404],[79.85812,6.88502],[79.85837,6.88418],[79.86194,6.88493],[79.8605,6.88915],[79.86166,6.88946],[79.86106,6.89152],[79.86149,6.89166],[79.86111,6.89336],[79.8619,6.89354],[79.86242,6.89209],[79.86362,6.89076],[79.8641,6.88881],[79.86479,6.88896],[79.86508,6.88946],[79.86597,6.88963],[79.86569,6.8907],[79.86618,6.89099],[79.86706,6.89136],[79.86841,6.89134],[79.86869,6.89049],[79.86847,6.89046],[79.86846,6.89025],[79.86816,6.89006],[79.86727,6.88997],[79.86727,6.88954],[79.86786,6.88956],[79.86804,6.88927],[79.86834,6.88924],[79.86831,6.88821],[79.86967,6.88818],[79.86961,6.88661],[79.87097,6.88639],[79.87112,6.88529],[79.86456,6.88234],[79.86305,6.88101],[79.86217,6.88044],[79.85736,6.87897],[79.8559,6.87862],[79.85583,6.87885]]]}},{"type":"Feature","properties":{"pcode":"LK1130005","gn":"Sri Saranankara","ds":"Dehiwala","district":"Colombo"},"geometry":{"type":"Polygon","coordinates":[[[79.86962,6.87289],[79.86968,6.87263],[79.86928,6.87203],[79.86871,6.87057],[79.86955,6.86935],[79.87136,6.86851],[79.87095,6.86723],[79.87096,6.86639],[79.86958,6.86664],[79.86797,6.8665],[79.86757,6.86771],[79.86676,6.86769],[79.86721,6.86445],[79.86518,6.8646],[79.86493,6.86452],[79.86438,6.86508],[79.8643,6.86575],[79.86436,6.86619],[79.86461,6.8666],[79.86567,6.86796],[79.8657,6.86835],[79.86536,6.86951],[79.86585,6.87112],[79.86627,6.87158],[79.86647,6.87166],[79.86769,6.8717],[79.86854,6.87244],[79.86937,6.87289],[79.86962,6.87289]]]}},{"type":"Feature","properties":{"pcode":"LK1127100","gn":"Pamankada East","ds":"Thimbirigasyaya","district":"Colombo"},"geometry":{"type":"Polygon","coordinates":[[[79.88333,6.87249],[79.88296,6.87248],[79.88255,6.8721],[79.88271,6.87076],[79.88176,6.87068],[79.88048,6.87026],[79.88024,6.87032],[79.88014,6.87063],[79.8798,6.87086],[79.87886,6.8708],[79.87886,6.87092],[79.87816,6.87102],[79.87741,6.8713],[79.87741,6.87146],[79.87708,6.87154],[79.8765,6.87199],[79.87624,6.87202],[79.87622,6.87216],[79.87577,6.87211],[79.87542,6.87226],[79.87532,6.87238],[79.87537,6.87283],[79.8749,6.87285],[79.87475,6.87331],[79.87374,6.87417],[79.87338,6.87386],[79.87289,6.87366],[79.87167,6.87367],[79.8696,6.87296],[79.86951,6.87352],[79.8697,6.87414],[79.86964,6.87524],[79.87032,6.87546],[79.87001,6.87646],[79.86954,6.87723],[79.86939,6.87885],[79.87092,6.8791],[79.87114,6.87925],[79.87145,6.87879],[79.87193,6.87852],[79.87247,6.87848],[79.87343,6.87868],[79.87407,6.87869],[79.87629,6.87832],[79.87945,6.87747],[79.88002,6.8771],[79.8805,6.8766],[79.8821,6.87343],[79.88261,6.87294],[79.88333,6.87249]]]}},{"type":"Feature","properties":{"pcode":"LK1127095","gn":"Pamankada West","ds":"Thimbirigasyaya","district":"Colombo"},"geometry":{"type":"Polygon","coordinates":[[[79.86939,6.87885],[79.86954,6.87723],[79.87001,6.87646],[79.87032,6.87546],[79.86964,6.87524],[79.8697,6.87414],[79.86951,6.87352],[79.86962,6.87289],[79.86937,6.87289],[79.86854,6.87244],[79.86769,6.8717],[79.86627,6.87158],[79.86585,6.87112],[79.86555,6.87023],[79.86336,6.86981],[79.86345,6.86938],[79.86234,6.86912],[79.86126,6.87455],[79.86308,6.87497],[79.86337,6.87514],[79.86568,6.8756],[79.86538,6.87652],[79.86598,6.87661],[79.8658,6.87774],[79.86544,6.87881],[79.86533,6.87955],[79.86835,6.87992],[79.86849,6.87968],[79.86862,6.87965],[79.86949,6.87988],[79.86939,6.87885]]]}},{"type":"Feature","properties":{"pcode":"LK1127090","gn":"Wellawatta South","ds":"Thimbirigasyaya","district":"Colombo"},"geometry":{"type":"Polygon","coordinates":[[[79.86055,6.86262],[79.85947,6.86264],[79.85921,6.86474],[79.85862,6.86806],[79.85762,6.87281],[79.86149,6.87371],[79.86234,6.86912],[79.86345,6.86938],[79.86336,6.86981],[79.86555,6.87023],[79.86536,6.86951],[79.8657,6.86811],[79.86557,6.86772],[79.86436,6.86619],[79.86429,6.86536],[79.86438,6.86508],[79.86493,6.86452],[79.86433,6.86384],[79.86297,6.86279],[79.86232,6.86244],[79.86055,6.86262]]]}},{"type":"Feature","properties":{"pcode":"LK1127005","gn":"Kollupitiya","ds":"Thimbirigasyaya","district":"Colombo"},"geometry":{"type":"Polygon","coordinates":[[[79.84942,6.90609],[79.84627,6.91747],[79.84695,6.91879],[79.84902,6.92003],[79.84945,6.91839],[79.85025,6.91739],[79.85049,6.91669],[79.85133,6.9165],[79.85283,6.9165],[79.8548,6.91557],[79.85596,6.91522],[79.85569,6.91291],[79.85611,6.91189],[79.8537,6.91197],[79.85457,6.90949],[79.85431,6.90938],[79.85419,6.90973],[79.85248,6.90921],[79.85242,6.90938],[79.85049,6.90875],[79.85123,6.90648],[79.84942,6.90609]]]}},{"type":"Feature","properties":{"pcode":"LK1127020","gn":"Kuppiyawatta West","ds":"Thimbirigasyaya","district":"Colombo"},"geometry":{"type":"Polygon","coordinates":[[[79.87362,6.92143],[79.87171,6.92147],[79.87116,6.92133],[79.86957,6.92295],[79.86917,6.92265],[79.86841,6.92239],[79.86899,6.92127],[79.86645,6.91991],[79.8655,6.92329],[79.86596,6.92327],[79.86625,6.92359],[79.86794,6.92463],[79.8665,6.92613],[79.86797,6.92671],[79.87,6.92727],[79.87063,6.92571],[79.87214,6.92605],[79.87189,6.92418],[79.8726,6.92415],[79.87341,6.92354],[79.87318,6.92308],[79.87362,6.92143]]]}},{"type":"Feature","properties":{"pcode":"LK1127015","gn":"Kurunduwatta","ds":"Thimbirigasyaya","district":"Colombo"},"geometry":{"type":"Polygon","coordinates":[[[79.86957,6.92295],[79.87566,6.9167],[79.8751,6.91615],[79.87488,6.91519],[79.87442,6.91527],[79.87443,6.91518],[79.87593,6.91131],[79.87748,6.91127],[79.87741,6.90928],[79.87681,6.90842],[79.86952,6.90203],[79.86831,6.90132],[79.86519,6.89987],[79.86141,6.8979],[79.86041,6.8975],[79.85988,6.89708],[79.86056,6.89846],[79.8607,6.89901],[79.86039,6.89888],[79.85971,6.89966],[79.85841,6.90377],[79.85851,6.90544],[79.859,6.90599],[79.85679,6.91044],[79.85569,6.91291],[79.85653,6.91299],[79.85793,6.91364],[79.86179,6.91584],[79.86214,6.91592],[79.86221,6.91608],[79.86236,6.91607],[79.86384,6.91713],[79.86456,6.91717],[79.86455,6.9174],[79.86484,6.91753],[79.86492,6.91776],[79.86696,6.91881],[79.86645,6.91991],[79.86899,6.92127],[79.86841,6.92239],[79.86917,6.92265],[79.86957,6.92295]]]}},{"type":"Feature","properties":{"pcode":"LK1127010","gn":"Bambalapitiya","ds":"Thimbirigasyaya","district":"Colombo"},"geometry":{"type":"Polygon","coordinates":[[[79.85294,6.89303],[79.85241,6.89468],[79.85178,6.89747],[79.84942,6.90609],[79.85123,6.90648],[79.85049,6.90875],[79.85242,6.90938],[79.85248,6.90921],[79.85419,6.90973],[79.85431,6.90938],[79.85457,6.90949],[79.8537,6.91197],[79.85611,6.91189],[79.859,6.90599],[79.85851,6.90544],[79.85841,6.90377],[79.85971,6.89966],[79.86039,6.89888],[79.8607,6.89901],[79.86067,6.89882],[79.85981,6.89703],[79.8599,6.89753],[79.86028,6.89816],[79.85968,6.89814],[79.85897,6.89796],[79.85848,6.89778],[79.85854,6.89752],[79.8546,6.89624],[79.85539,6.89382],[79.85294,6.89303]]]}},{"type":"Feature","properties":{"pcode":"LK1131025","gn":"Katukurunduwatta","ds":"Ratmalana","district":"Colombo"},"geometry":{"type":"Polygon","coordinates":[[[79.88189,6.83977],[79.88145,6.83761],[79.88144,6.8368],[79.88097,6.8363],[79.88015,6.83587],[79.88092,6.82986],[79.8779,6.82931],[79.8778,6.82915],[79.87786,6.82846],[79.87608,6.82792],[79.876,6.82898],[79.87571,6.82903],[79.87528,6.83008],[79.87452,6.82981],[79.87398,6.82916],[79.87347,6.82883],[79.87324,6.82955],[79.87274,6.82955],[79.87263,6.82966],[79.87265,6.83174],[79.87277,6.83175],[79.87284,6.83262],[79.87239,6.83563],[79.87185,6.83714],[79.87263,6.83754],[79.87331,6.83814],[79.87307,6.83895],[79.87539,6.84064],[79.87602,6.84225],[79.87641,6.84203],[79.87674,6.8409],[79.87691,6.84075],[79.88189,6.83977]]]}},{"type":"Feature","properties":{"pcode":"LK1131020","gn":"Wathumulla","ds":"Ratmalana","district":"Colombo"},"geometry":{"type":"Polygon","coordinates":[[[79.87185,6.83714],[79.87239,6.83563],[79.87284,6.83262],[79.87277,6.83175],[79.87265,6.83174],[79.87263,6.82966],[79.87274,6.82955],[79.87324,6.82955],[79.87347,6.82883],[79.87315,6.82868],[79.87122,6.82843],[79.8706,6.8281],[79.86976,6.82803],[79.86923,6.82826],[79.86876,6.82805],[79.86786,6.83036],[79.86747,6.83188],[79.86733,6.83358],[79.86745,6.83734],[79.8689,6.83724],[79.87003,6.83685],[79.87055,6.83689],[79.8707,6.83669],[79.87185,6.83714]]]}},{"type":"Feature","properties":{"pcode":"LK1131015","gn":"Watarappala","ds":"Ratmalana","district":"Colombo"},"geometry":{"type":"Polygon","coordinates":[[[79.8743,6.83982],[79.87307,6.83895],[79.87329,6.83812],[79.8726,6.83752],[79.87075,6.83669],[79.87055,6.83689],[79.87003,6.83685],[79.8689,6.83724],[79.86745,6.83734],[79.86748,6.83962],[79.86688,6.84198],[79.86883,6.8424],[79.8699,6.84244],[79.8712,6.84333],[79.8743,6.83982]]]}},{"type":"Feature","properties":{"pcode":"LK1131050","gn":"Vihara","ds":"Ratmalana","district":"Colombo"},"geometry":{"type":"Polygon","coordinates":[[[79.86724,6.81183],[79.86645,6.81497],[79.86591,6.81635],[79.86505,6.81937],[79.86572,6.81954],[79.86596,6.81974],[79.86745,6.82034],[79.86782,6.82068],[79.86789,6.82093],[79.86855,6.82142],[79.87023,6.82188],[79.86852,6.82391],[79.8681,6.82529],[79.86784,6.82691],[79.86909,6.8272],[79.8705,6.82382],[79.87359,6.81963],[79.87422,6.81859],[79.8706,6.81809],[79.87051,6.81726],[79.86996,6.81721],[79.87001,6.81684],[79.87021,6.81679],[79.87043,6.81554],[79.87048,6.81494],[79.87016,6.81484],[79.87059,6.81406],[79.87087,6.81261],[79.86822,6.81181],[79.86807,6.81192],[79.86724,6.81183]]]}},{"type":"Feature","properties":{"pcode":"LK1131045","gn":"Wedikanda","ds":"Ratmalana","district":"Colombo"},"geometry":{"type":"Polygon","coordinates":[[[79.86505,6.81937],[79.86404,6.82215],[79.86337,6.82339],[79.86328,6.82396],[79.86276,6.82515],[79.86274,6.8255],[79.86299,6.82658],[79.86253,6.82903],[79.86348,6.82923],[79.8637,6.82944],[79.86366,6.83051],[79.86453,6.83034],[79.86482,6.83008],[79.86605,6.83028],[79.86717,6.83078],[79.86771,6.83084],[79.86909,6.8272],[79.86784,6.82691],[79.8681,6.82529],[79.86852,6.82391],[79.87023,6.82188],[79.86855,6.82142],[79.86789,6.82093],[79.86778,6.82062],[79.86731,6.82026],[79.8654,6.81943],[79.86505,6.81937]]]}},{"type":"Feature","properties":{"pcode":"LK1131040","gn":"Piriwena","ds":"Ratmalana","district":"Colombo"},"geometry":{"type":"Polygon","coordinates":[[[79.87786,6.82846],[79.87799,6.82763],[79.87764,6.82757],[79.87773,6.82705],[79.87814,6.82716],[79.87843,6.82693],[79.87832,6.82689],[79.87744,6.82503],[79.87642,6.82382],[79.87638,6.82369],[79.8768,6.82298],[79.87381,6.82129],[79.87291,6.82052],[79.87045,6.8239],[79.86876,6.82805],[79.86923,6.82826],[79.86976,6.82803],[79.8706,6.8281],[79.87122,6.82843],[79.87326,6.8287],[79.87398,6.82916],[79.87452,6.82981],[79.87521,6.83008],[79.87571,6.82903],[79.876,6.82898],[79.87608,6.82792],[79.87786,6.82846]]]}},{"type":"Feature","properties":{"pcode":"LK1131035","gn":"Attidiya South","ds":"Ratmalana","district":"Colombo"},"geometry":{"type":"Polygon","coordinates":[[[79.89406,6.83066],[79.89448,6.82995],[79.89477,6.82911],[79.87493,6.81766],[79.87291,6.82052],[79.87381,6.82129],[79.8768,6.82298],[79.87638,6.82369],[79.87642,6.82382],[79.87744,6.82503],[79.87832,6.82689],[79.87843,6.82693],[79.87814,6.82716],[79.87773,6.82705],[79.87764,6.82757],[79.87799,6.82763],[79.87781,6.82924],[79.88092,6.82986],[79.88063,6.83218],[79.88306,6.83245],[79.88294,6.83329],[79.88519,6.83338],[79.88561,6.83237],[79.88742,6.83267],[79.88774,6.83236],[79.88854,6.83253],[79.88897,6.83098],[79.89025,6.83056],[79.89075,6.8309],[79.89148,6.83109],[79.89228,6.83043],[79.89359,6.83049],[79.89406,6.83066]]]}},{"type":"Feature","properties":{"pcode":"LK1133005","gn":"Angulana North","ds":"Moratuwa","district":"Colombo"},"geometry":{"type":"Polygon","coordinates":[[[79.87173,6.798],[79.87092,6.80029],[79.87016,6.80364],[79.86939,6.8057],[79.87204,6.80665],[79.87222,6.80632],[79.87221,6.80581],[79.87255,6.80552],[79.87287,6.80494],[79.87315,6.8039],[79.8744,6.80274],[79.87469,6.80228],[79.87475,6.80168],[79.87448,6.80099],[79.87427,6.79997],[79.87447,6.79936],[79.87504,6.79851],[79.87466,6.7983],[79.87384,6.79817],[79.87271,6.79823],[79.87173,6.798]]]}},{"type":"Feature","properties":{"pcode":"LK1131065","gn":"Kandawala","ds":"Ratmalana","district":"Colombo"},"geometry":{"type":"Polygon","coordinates":[[[79.89481,6.82914],[79.89671,6.82484],[79.89719,6.82277],[79.89752,6.82204],[79.89764,6.82108],[79.89851,6.81844],[79.89731,6.81767],[79.88302,6.80984],[79.88091,6.81278],[79.88005,6.81371],[79.87493,6.81766],[79.89031,6.82659],[79.89481,6.82914]]]}},{"type":"Feature","properties":{"pcode":"LK1131060","gn":"Rathmalana East","ds":"Ratmalana","district":"Colombo"},"geometry":{"type":"Polygon","coordinates":[[[79.87493,6.81766],[79.88005,6.81371],[79.88091,6.81278],[79.88302,6.80984],[79.8755,6.80575],[79.87259,6.81142],[79.87333,6.81185],[79.87274,6.81254],[79.87139,6.81367],[79.87055,6.81391],[79.87059,6.81406],[79.87016,6.81484],[79.87048,6.81494],[79.87043,6.81554],[79.87021,6.81679],[79.87001,6.81684],[79.86996,6.81721],[79.87051,6.81726],[79.87063,6.81811],[79.87422,6.81859],[79.87493,6.81766]]]}},{"type":"Feature","properties":{"pcode":"LK1131055","gn":"Rathmalana West","ds":"Ratmalana","district":"Colombo"},"geometry":{"type":"Polygon","coordinates":[[[79.86939,6.8057],[79.86874,6.80705],[79.86803,6.81003],[79.86726,6.81178],[79.86774,6.81191],[79.86781,6.81183],[79.86807,6.81192],[79.86822,6.81181],[79.87087,6.81261],[79.87055,6.81391],[79.87139,6.81367],[79.87274,6.81254],[79.87333,6.81185],[79.87259,6.81142],[79.87452,6.80762],[79.87275,6.8071],[79.87197,6.80661],[79.86939,6.8057]]]}},{"type":"Feature","properties":{"pcode":"LK1133025","gn":"Dahampura","ds":"Moratuwa","district":"Colombo"},"geometry":{"type":"Polygon","coordinates":[[[79.88427,6.80752],[79.88526,6.80597],[79.88476,6.80564],[79.88433,6.80544],[79.88389,6.80568],[79.88336,6.8064],[79.87897,6.80409],[79.87978,6.80246],[79.88027,6.80176],[79.88078,6.80202],[79.8811,6.80145],[79.87706,6.79921],[79.87569,6.79894],[79.87504,6.79851],[79.87447,6.79936],[79.87427,6.79997],[79.87448,6.80099],[79.87471,6.80148],[79.87475,6.80206],[79.87455,6.80254],[79.87405,6.80302],[79.87622,6.80335],[79.8821,6.80648],[79.88242,6.80622],[79.88312,6.80661],[79.88311,6.80691],[79.88427,6.80752]]]}},{"type":"Feature","properties":{"pcode":"LK1133020","gn":"Soysapura South","ds":"Moratuwa","district":"Colombo"},"geometry":{"type":"Polygon","coordinates":[[[79.88675,6.80459],[79.8811,6.80145],[79.88078,6.80202],[79.88027,6.80176],[79.87983,6.80249],[79.88256,6.80418],[79.88368,6.80469],[79.88548,6.80577],[79.88675,6.80459]]]}},{"type":"Feature","properties":{"pcode":"LK1133015","gn":"Soysapura North","ds":"Moratuwa","district":"Colombo"},"geometry":{"type":"Polygon","coordinates":[[[79.88526,6.80597],[79.88548,6.80577],[79.88528,6.8056],[79.88256,6.80418],[79.87978,6.80246],[79.87897,6.80409],[79.88336,6.8064],[79.88389,6.80568],[79.88433,6.80544],[79.88526,6.80597]]]}},{"type":"Feature","properties":{"pcode":"LK1133010","gn":"Kaldemulla","ds":"Moratuwa","district":"Colombo"},"geometry":{"type":"Polygon","coordinates":[[[79.88427,6.80752],[79.88311,6.80691],[79.88312,6.80661],[79.88242,6.80622],[79.8821,6.80648],[79.87622,6.80335],[79.87405,6.80302],[79.87315,6.8039],[79.87287,6.80494],[79.87255,6.80552],[79.87221,6.80581],[79.87222,6.80632],[79.87204,6.80665],[79.87275,6.8071],[79.87452,6.80762],[79.8755,6.80575],[79.88302,6.80984],[79.88427,6.80752]]]}},{"type":"Feature","properties":{"pcode":"LK1130025","gn":"Kalubovila","ds":"Dehiwala","district":"Colombo"},"geometry":{"type":"Polygon","coordinates":[[[79.87621,6.86655],[79.87979,6.8661],[79.88104,6.86371],[79.88149,6.86227],[79.88169,6.86094],[79.8819,6.8604],[79.88171,6.85946],[79.88095,6.85928],[79.87961,6.85952],[79.87851,6.86018],[79.87804,6.85963],[79.87784,6.8602],[79.87757,6.86053],[79.87757,6.8614],[79.8771,6.86158],[79.87664,6.86141],[79.87614,6.86162],[79.87597,6.86128],[79.87521,6.86158],[79.87377,6.86173],[79.87382,6.86352],[79.87367,6.86366],[79.87365,6.86576],[79.87491,6.8659],[79.87621,6.86655]]]}},{"type":"Feature","properties":{"pcode":"LK1130010","gn":"Vilawala","ds":"Dehiwala","district":"Colombo"},"geometry":{"type":"Polygon","coordinates":[[[79.87886,6.87092],[79.87886,6.87009],[79.87814,6.87017],[79.87757,6.86936],[79.87732,6.86645],[79.87637,6.86657],[79.87596,6.86644],[79.87533,6.86699],[79.87517,6.86771],[79.87444,6.8676],[79.8744,6.86788],[79.87373,6.86775],[79.87367,6.86794],[79.87354,6.86793],[79.87357,6.86819],[79.87337,6.86821],[79.87315,6.86732],[79.87241,6.86731],[79.87242,6.86802],[79.87136,6.86825],[79.87135,6.86853],[79.86955,6.86935],[79.86871,6.87057],[79.86928,6.87203],[79.86968,6.87263],[79.8696,6.87296],[79.87167,6.87367],[79.87289,6.87366],[79.87338,6.87386],[79.87374,6.87417],[79.87475,6.87331],[79.8749,6.87285],[79.87537,6.87283],[79.87532,6.87238],[79.87542,6.87226],[79.87577,6.87211],[79.87622,6.87216],[79.87624,6.87202],[79.8765,6.87199],[79.87708,6.87154],[79.87741,6.87146],[79.87741,6.8713],[79.87816,6.87102],[79.87886,6.87092]]]}},{"type":"Feature","properties":{"pcode":"LK1130045","gn":"Dehiwala East","ds":"Dehiwala","district":"Colombo"},"geometry":{"type":"Polygon","coordinates":[[[79.87249,6.85808],[79.87234,6.85738],[79.87248,6.85713],[79.87222,6.85667],[79.87284,6.85628],[79.87325,6.85582],[79.87361,6.8544],[79.87329,6.85359],[79.87285,6.85425],[79.87228,6.85431],[79.87156,6.85471],[79.86988,6.85595],[79.86934,6.85649],[79.86868,6.85672],[79.86731,6.8563],[79.86791,6.85505],[79.8681,6.85506],[79.8693,6.85436],[79.86914,6.85421],[79.86912,6.85387],[79.86847,6.85389],[79.86845,6.85337],[79.86779,6.85356],[79.86725,6.85332],[79.86677,6.85328],[79.86677,6.8539],[79.86569,6.85374],[79.86435,6.85988],[79.86528,6.86008],[79.86637,6.86009],[79.86665,6.86022],[79.86718,6.85974],[79.86777,6.85962],[79.86846,6.85969],[79.86919,6.85999],[79.87,6.86005],[79.87036,6.85993],[79.87249,6.85808]]]}},{"type":"Feature","properties":{"pcode":"LK1130040","gn":"Dehiwala West","ds":"Dehiwala","district":"Colombo"},"geometry":{"type":"Polygon","coordinates":[[[79.8621,6.85341],[79.86098,6.8531],[79.86089,6.85334],[79.86049,6.85697],[79.86011,6.85857],[79.85981,6.86098],[79.85951,6.86239],[79.85978,6.86259],[79.86055,6.86262],[79.86232,6.86244],[79.86361,6.86327],[79.86563,6.85411],[79.86256,6.85345],[79.86249,6.85331],[79.86217,6.85324],[79.8621,6.85341]]]}},{"type":"Feature","properties":{"pcode":"LK1130035","gn":"Galwala","ds":"Dehiwala","district":"Colombo"},"geometry":{"type":"Polygon","coordinates":[[[79.86502,6.8646],[79.86754,6.86442],[79.8679,6.86423],[79.86956,6.86225],[79.87073,6.86201],[79.87377,6.86173],[79.87393,6.8608],[79.8745,6.86],[79.87452,6.85844],[79.87437,6.85832],[79.87393,6.85832],[79.87344,6.85808],[79.87296,6.85819],[79.87265,6.85794],[79.87036,6.85993],[79.87,6.86005],[79.86919,6.85999],[79.86846,6.85969],[79.86777,6.85962],[79.86718,6.85974],[79.86665,6.86022],[79.86637,6.86009],[79.86528,6.86008],[79.86435,6.85988],[79.86361,6.86327],[79.86433,6.86384],[79.86502,6.8646]]]}},{"type":"Feature","properties":{"pcode":"LK1130030","gn":"Hathbodhiya","ds":"Dehiwala","district":"Colombo"},"geometry":{"type":"Polygon","coordinates":[[[79.87123,6.86831],[79.87242,6.86802],[79.87241,6.86731],[79.87315,6.86732],[79.87337,6.86821],[79.87357,6.86819],[79.87354,6.86793],[79.87367,6.86794],[79.87373,6.86775],[79.8744,6.86788],[79.87444,6.8676],[79.87517,6.86771],[79.87533,6.86699],[79.87596,6.86644],[79.87491,6.8659],[79.87365,6.86576],[79.87367,6.86366],[79.87382,6.86352],[79.87377,6.86173],[79.87073,6.86201],[79.86956,6.86225],[79.8679,6.86423],[79.86754,6.86442],[79.86721,6.86445],[79.86676,6.86769],[79.86757,6.86771],[79.86797,6.8665],[79.86958,6.86664],[79.87096,6.86639],[79.8709,6.86682],[79.87103,6.86767],[79.87123,6.86831]]]}},{"type":"Feature","properties":{"pcode":"LK1130065","gn":"Jayathilaka","ds":"Dehiwala","district":"Colombo"},"geometry":{"type":"Polygon","coordinates":[[[79.86243,6.849],[79.86172,6.8524],[79.86141,6.85321],[79.8621,6.85341],[79.86217,6.85324],[79.86249,6.85331],[79.86256,6.85345],[79.86563,6.85411],[79.86569,6.85374],[79.86677,6.8539],[79.86677,6.85328],[79.86725,6.85332],[79.86779,6.85356],[79.86845,6.85337],[79.86837,6.852],[79.8684,6.85153],[79.86855,6.85125],[79.86847,6.85091],[79.86899,6.8508],[79.86899,6.84966],[79.86864,6.84935],[79.86804,6.84932],[79.86792,6.84897],[79.86757,6.84895],[79.86677,6.84908],[79.86599,6.84898],[79.86598,6.84942],[79.86416,6.8493],[79.86243,6.849]]]}},{"type":"Feature","properties":{"pcode":"LK1130060","gn":"Malwatta","ds":"Dehiwala","district":"Colombo"},"geometry":{"type":"Polygon","coordinates":[[[79.87329,6.85359],[79.87283,6.85318],[79.87369,6.85283],[79.87537,6.85249],[79.87562,6.8521],[79.87556,6.85168],[79.87582,6.84983],[79.87212,6.85026],[79.86847,6.85091],[79.86855,6.85125],[79.8684,6.85153],[79.86837,6.852],[79.86847,6.85389],[79.86912,6.85387],[79.86914,6.85421],[79.8693,6.85436],[79.8681,6.85506],[79.86791,6.85505],[79.86731,6.8563],[79.86888,6.85671],[79.86934,6.85649],[79.86988,6.85595],[79.87156,6.85471],[79.87228,6.85431],[79.87285,6.85425],[79.87329,6.85359]]]}},{"type":"Feature","properties":{"pcode":"LK1130055","gn":"Nedimala","ds":"Dehiwala","district":"Colombo"},"geometry":{"type":"Polygon","coordinates":[[[79.88171,6.85946],[79.88192,6.85867],[79.88187,6.85786],[79.88207,6.85691],[79.88264,6.857],[79.88268,6.8557],[79.88303,6.85561],[79.8831,6.85542],[79.88306,6.85437],[79.88313,6.85429],[79.88383,6.85431],[79.88395,6.85443],[79.88426,6.85434],[79.88426,6.85425],[79.88452,6.85424],[79.88455,6.85451],[79.8847,6.8545],[79.88473,6.8542],[79.88496,6.85429],[79.88554,6.85415],[79.88554,6.85383],[79.88581,6.85358],[79.8861,6.85246],[79.88611,6.85172],[79.88593,6.85054],[79.88605,6.8498],[79.88563,6.84977],[79.88562,6.84958],[79.88489,6.84964],[79.88466,6.84985],[79.8837,6.8502],[79.88329,6.84923],[79.88234,6.84971],[79.88165,6.84983],[79.88005,6.8499],[79.87908,6.84983],[79.87813,6.84958],[79.87713,6.84965],[79.87812,6.85752],[79.87694,6.86023],[79.87636,6.86101],[79.87597,6.86128],[79.876,6.86136],[79.87614,6.86162],[79.87664,6.86141],[79.8771,6.86158],[79.87757,6.8614],[79.87757,6.86053],[79.87784,6.8602],[79.87804,6.85963],[79.87851,6.86018],[79.87961,6.85952],[79.88095,6.85928],[79.88171,6.85946]]]}},{"type":"Feature","properties":{"pcode":"LK1130050","gn":"Udyanaya","ds":"Dehiwala","district":"Colombo"},"geometry":{"type":"Polygon","coordinates":[[[79.87521,6.86158],[79.87636,6.86101],[79.87694,6.86023],[79.87812,6.85752],[79.87713,6.84965],[79.87582,6.84983],[79.87556,6.85168],[79.87562,6.8521],[79.87537,6.85249],[79.87369,6.85283],[79.87283,6.85318],[79.8734,6.85375],[79.8736,6.85455],[79.87321,6.8559],[79.87222,6.85667],[79.87248,6.85713],[79.87234,6.85738],[79.87249,6.85808],[79.87265,6.85794],[79.87299,6.85819],[79.87344,6.85808],[79.87393,6.85832],[79.87437,6.85832],[79.87452,6.85844],[79.8745,6.86],[79.87393,6.8608],[79.87377,6.86173],[79.87521,6.86158]]]}},{"type":"Feature","properties":{"pcode":"LK1131010","gn":"Kawdana West","ds":"Ratmalana","district":"Colombo"},"geometry":{"type":"Polygon","coordinates":[[[79.87255,6.84517],[79.87558,6.84425],[79.87571,6.84313],[79.87601,6.84212],[79.87548,6.84076],[79.8743,6.83982],[79.8712,6.84333],[79.8699,6.84244],[79.86883,6.8424],[79.86688,6.84198],[79.86641,6.84366],[79.86602,6.84751],[79.86682,6.84769],[79.86753,6.84763],[79.86886,6.84783],[79.8699,6.84775],[79.87106,6.84629],[79.87182,6.84563],[79.87255,6.84517]]]}},{"type":"Feature","properties":{"pcode":"LK1131005","gn":"Mount Lavinia","ds":"Ratmalana","district":"Colombo"},"geometry":{"type":"Polygon","coordinates":[[[79.86253,6.82903],[79.86236,6.82982],[79.86191,6.8308],[79.86134,6.833],[79.86103,6.83366],[79.86103,6.83385],[79.86131,6.83392],[79.86135,6.83417],[79.8618,6.8339],[79.86203,6.83395],[79.86222,6.83425],[79.86215,6.83453],[79.86232,6.83441],[79.86247,6.83454],[79.86243,6.83468],[79.86255,6.83465],[79.86275,6.8353],[79.86247,6.83576],[79.86272,6.83585],[79.86269,6.83618],[79.86285,6.83621],[79.86292,6.83644],[79.86283,6.8381],[79.86256,6.83911],[79.86265,6.8397],[79.86257,6.84043],[79.86222,6.84208],[79.86226,6.84241],[79.86202,6.84315],[79.86198,6.84459],[79.8617,6.84576],[79.86176,6.84647],[79.8616,6.8476],[79.86166,6.84774],[79.86185,6.8477],[79.86198,6.84784],[79.86186,6.8489],[79.86334,6.8492],[79.86598,6.84942],[79.86605,6.84704],[79.86641,6.84366],[79.86729,6.84063],[79.8675,6.83934],[79.86734,6.83339],[79.86747,6.83188],[79.86771,6.83084],[79.86717,6.83078],[79.86605,6.83028],[79.86482,6.83008],[79.86453,6.83034],[79.86366,6.83051],[79.8637,6.82944],[79.86348,6.82923],[79.86253,6.82903]]]}},{"type":"Feature","properties":{"pcode":"LK1130075","gn":"Kawdana East","ds":"Dehiwala","district":"Colombo"},"geometry":{"type":"Polygon","coordinates":[[[79.88605,6.84982],[79.88611,6.8496],[79.88584,6.84811],[79.88563,6.84797],[79.88547,6.84724],[79.88586,6.84713],[79.88585,6.847],[79.8858,6.84684],[79.88519,6.84684],[79.88512,6.84643],[79.88563,6.8463],[79.88576,6.8455],[79.88545,6.84449],[79.88485,6.84466],[79.88459,6.84337],[79.88465,6.84186],[79.88453,6.84076],[79.88471,6.83977],[79.88266,6.83958],[79.87691,6.84075],[79.87674,6.8409],[79.87641,6.84203],[79.87589,6.84242],[79.87558,6.84425],[79.87255,6.84517],[79.87282,6.84578],[79.87344,6.84652],[79.87374,6.84717],[79.87725,6.8471],[79.87714,6.84965],[79.87813,6.84958],[79.87908,6.84983],[79.88005,6.8499],[79.88165,6.84983],[79.88234,6.84971],[79.88329,6.84923],[79.8837,6.8502],[79.88466,6.84985],[79.88493,6.84964],[79.88562,6.84958],[79.88563,6.84977],[79.88605,6.84982]]]}},{"type":"Feature","properties":{"pcode":"LK1130070","gn":"Karagampitiya","ds":"Dehiwala","district":"Colombo"},"geometry":{"type":"Polygon","coordinates":[[[79.87212,6.85026],[79.87714,6.84965],[79.87725,6.8471],[79.87374,6.84717],[79.87344,6.84652],[79.87282,6.84578],[79.87255,6.84517],[79.87182,6.84563],[79.87106,6.84629],[79.8699,6.84775],[79.86886,6.84783],[79.86753,6.84763],[79.86682,6.84769],[79.86602,6.84751],[79.86599,6.84898],[79.86677,6.84908],[79.86792,6.84897],[79.86804,6.84932],[79.86864,6.84935],[79.86899,6.84966],[79.86899,6.85081],[79.87212,6.85026]]]}},{"type":"Feature","properties":{"pcode":"LK1133125","gn":"Moratuwella South","ds":"Moratuwa","district":"Colombo"},"geometry":{"type":"Polygon","coordinates":[[[79.88287,6.76414],[79.88305,6.76435],[79.88298,6.76475],[79.88368,6.76506],[79.88316,6.76675],[79.88287,6.76834],[79.8828,6.76925],[79.88288,6.77029],[79.88268,6.77025],[79.8827,6.77084],[79.88357,6.77101],[79.88542,6.77164],[79.8857,6.77151],[79.88664,6.77167],[79.88783,6.76996],[79.89165,6.76634],[79.89052,6.7658],[79.88864,6.76538],[79.88777,6.76525],[79.88774,6.76535],[79.88563,6.76501],[79.88525,6.76512],[79.88536,6.76442],[79.88421,6.76422],[79.88378,6.764],[79.88286,6.76381],[79.88287,6.76414]]]}},{"type":"Feature","properties":{"pcode":"LK1133120","gn":"Uswatta","ds":"Moratuwa","district":"Colombo"},"geometry":{"type":"Polygon","coordinates":[[[79.88057,6.76977],[79.88031,6.7705],[79.88041,6.77084],[79.88032,6.7714],[79.87917,6.77388],[79.87939,6.77388],[79.87937,6.77407],[79.87874,6.77625],[79.87839,6.77705],[79.87823,6.7773],[79.87809,6.77731],[79.87816,6.77743],[79.8778,6.77809],[79.878,6.77813],[79.87849,6.77734],[79.87913,6.7766],[79.88121,6.77489],[79.88211,6.77378],[79.8826,6.77274],[79.88277,6.77147],[79.88268,6.77025],[79.88232,6.77008],[79.88057,6.76977]]]}},{"type":"Feature","properties":{"pcode":"LK6245240","gn":"Waikkala North","ds":"Wennappuwa","district":"Puttalam"},"geometry":{"type":"MultiPolygon","coordinates":[[[[79.85946,7.27009],[79.85891,7.27045],[79.85946,7.27009],[79.85946,7.27009]]],[[[79.85812,7.27125],[79.8579,7.27163],[79.85775,7.27203],[79.85812,7.27125]]],[[[79.85549,7.27653],[79.855,7.27682],[79.85544,7.27657],[79.85549,7.27653]]],[[[79.85431,7.27698],[79.85409,7.27701],[79.8544,7.27697],[79.85431,7.27698]]],[[[79.85342,7.27702],[79.85361,7.27702],[79.85312,7.27697],[79.85342,7.27702]]]]}},{"type":"Feature","properties":{"pcode":"LK1133115","gn":"Idama","ds":"Moratuwa","district":"Colombo"},"geometry":{"type":"Polygon","coordinates":[[[79.8887,6.78446],[79.8883,6.78282],[79.88787,6.78285],[79.88799,6.7816],[79.88876,6.78039],[79.88931,6.77982],[79.89134,6.77884],[79.89178,6.77728],[79.89021,6.77694],[79.88892,6.77617],[79.88817,6.77535],[79.88779,6.77512],[79.8865,6.7759],[79.88513,6.7765],[79.8846,6.7764],[79.88361,6.77594],[79.88329,6.77676],[79.8832,6.77739],[79.88316,6.77983],[79.88384,6.78154],[79.88448,6.78461],[79.8865,6.7849],[79.88692,6.78474],[79.88792,6.78495],[79.88857,6.78481],[79.88857,6.7845],[79.8887,6.78446]]]}},{"type":"Feature","properties":{"pcode":"LK1133110","gn":"Rawathawatta West","ds":"Moratuwa","district":"Colombo"},"geometry":{"type":"Polygon","coordinates":[[[79.88752,6.79424],[79.885,6.78789],[79.88468,6.78675],[79.88444,6.78428],[79.88354,6.78434],[79.88173,6.78382],[79.88117,6.78485],[79.88024,6.78714],[79.87957,6.78771],[79.87889,6.78898],[79.88,6.78966],[79.88169,6.78989],[79.88179,6.79022],[79.88142,6.7908],[79.88127,6.7914],[79.88147,6.79178],[79.88216,6.79213],[79.88188,6.79257],[79.88224,6.79284],[79.88225,6.79338],[79.8827,6.79369],[79.88296,6.79383],[79.88307,6.79355],[79.88389,6.79341],[79.8845,6.79314],[79.8847,6.79328],[79.8852,6.79329],[79.88555,6.79366],[79.88537,6.794],[79.88601,6.79459],[79.88752,6.79424]]]}},{"type":"Feature","properties":{"pcode":"LK1133140","gn":"Moratumulla West","ds":"Moratuwa","district":"Colombo"},"geometry":{"type":"Polygon","coordinates":[[[79.89726,6.78007],[79.896,6.7795],[79.89601,6.77934],[79.89536,6.77906],[79.89504,6.7788],[79.89444,6.77864],[79.89374,6.77825],[79.89339,6.77745],[79.89178,6.77728],[79.89134,6.77884],[79.8918,6.77884],[79.89228,6.77933],[79.89162,6.78038],[79.89147,6.78103],[79.89152,6.78118],[79.89175,6.78127],[79.89192,6.78161],[79.89174,6.78267],[79.89223,6.78273],[79.89257,6.78297],[79.8924,6.7836],[79.89284,6.78404],[79.89364,6.78437],[79.89394,6.7837],[79.89468,6.78386],[79.89486,6.78382],[79.89503,6.78361],[79.89547,6.78372],[79.89562,6.78356],[79.89605,6.78368],[79.8963,6.78255],[79.89644,6.78255],[79.89725,6.7804],[79.89726,6.78007]]]}},{"type":"Feature","properties":{"pcode":"LK1133135","gn":"Moratumulla East","ds":"Moratuwa","district":"Colombo"},"geometry":{"type":"Polygon","coordinates":[[[79.90115,6.78262],[79.90082,6.78213],[79.90027,6.78175],[79.90025,6.78153],[79.90002,6.78146],[79.89955,6.78081],[79.8994,6.78083],[79.89869,6.78016],[79.89809,6.78026],[79.89776,6.78009],[79.89726,6.78007],[79.89725,6.7804],[79.89644,6.78255],[79.8963,6.78255],[79.89605,6.78368],[79.89562,6.78356],[79.89547,6.78372],[79.89503,6.78361],[79.89486,6.78382],[79.89468,6.78386],[79.89395,6.7837],[79.89378,6.78393],[79.89355,6.7846],[79.89334,6.78589],[79.89303,6.78666],[79.89294,6.78801],[79.89332,6.78803],[79.89449,6.78768],[79.89682,6.7882],[79.89672,6.78814],[79.89686,6.78778],[79.89678,6.78773],[79.89677,6.78701],[79.89684,6.78593],[79.89746,6.78576],[79.8974,6.78559],[79.8975,6.78538],[79.89794,6.78495],[79.89879,6.78365],[79.89923,6.78384],[79.90033,6.78269],[79.90058,6.78292],[79.90115,6.78262]]]}},{"type":"Feature","properties":{"pcode":"LK1133130","gn":"Indibedda West","ds":"Moratuwa","district":"Colombo"},"geometry":{"type":"Polygon","coordinates":[[[79.90271,6.78151],[79.90415,6.78107],[79.90358,6.77989],[79.90389,6.77926],[79.90382,6.77899],[79.90368,6.77881],[79.90305,6.77852],[79.90245,6.77951],[79.90123,6.77872],[79.90132,6.77856],[79.9012,6.77846],[79.90126,6.77825],[79.90096,6.77808],[79.901,6.77797],[79.90039,6.77773],[79.89994,6.77722],[79.89997,6.77604],[79.8982,6.77422],[79.89727,6.7747],[79.89614,6.77623],[79.89471,6.77707],[79.89339,6.77745],[79.89374,6.77825],[79.8953,6.77894],[79.89536,6.77906],[79.89601,6.77934],[79.896,6.7795],[79.89726,6.78007],[79.89776,6.78009],[79.89809,6.78026],[79.89869,6.78016],[79.8994,6.78083],[79.89955,6.78081],[79.90002,6.78146],[79.90025,6.78153],[79.90027,6.78175],[79.90082,6.78213],[79.90115,6.78262],[79.90164,6.78236],[79.90207,6.78191],[79.90271,6.78151]]]}},{"type":"Feature","properties":{"pcode":"LK1133165","gn":"Moratuwella West","ds":"Moratuwa","district":"Colombo"},"geometry":{"type":"Polygon","coordinates":[[[79.88274,6.7649],[79.8825,6.76572],[79.88198,6.76598],[79.88224,6.76646],[79.88222,6.76707],[79.88161,6.76807],[79.88113,6.76842],[79.88058,6.76975],[79.88232,6.77008],[79.88288,6.77029],[79.8828,6.76925],[79.88287,6.76834],[79.88316,6.76675],[79.88368,6.76506],[79.88298,6.76475],[79.88296,6.76487],[79.88274,6.7649]]]}},{"type":"Feature","properties":{"pcode":"LK1133160","gn":"Moratuwella North","ds":"Moratuwa","district":"Colombo"},"geometry":{"type":"Polygon","coordinates":[[[79.88779,6.77512],[79.88688,6.77415],[79.88646,6.77327],[79.88631,6.77253],[79.88664,6.77167],[79.8857,6.77151],[79.88542,6.77164],[79.88357,6.77101],[79.8827,6.77084],[79.88277,6.77147],[79.88266,6.77253],[79.88211,6.77378],[79.88077,6.77533],[79.87888,6.77685],[79.878,6.77813],[79.87816,6.7781],[79.88081,6.77899],[79.88111,6.77933],[79.88141,6.77945],[79.88316,6.77983],[79.8832,6.77739],[79.88329,6.77676],[79.88361,6.77594],[79.8846,6.7764],[79.88513,6.7765],[79.8865,6.7759],[79.88779,6.77512]]]}},{"type":"Feature","properties":{"pcode":"LK1133185","gn":"Koralawella South","ds":"Moratuwa","district":"Colombo"},"geometry":{"type":"Polygon","coordinates":[[[79.8889,6.74909],[79.88721,6.75323],[79.88787,6.75356],[79.88896,6.75381],[79.89283,6.75557],[79.893,6.75454],[79.8936,6.7529],[79.89442,6.75182],[79.89486,6.75105],[79.89396,6.75056],[79.89297,6.75031],[79.89292,6.75051],[79.89099,6.74979],[79.8894,6.74936],[79.8889,6.74909]]]}},{"type":"Feature","properties":{"pcode":"LK1133180","gn":"Koralawella West","ds":"Moratuwa","district":"Colombo"},"geometry":{"type":"Polygon","coordinates":[[[79.88721,6.75323],[79.88685,6.75452],[79.88604,6.75645],[79.88974,6.75784],[79.88969,6.758],[79.89102,6.75849],[79.89193,6.75869],[79.89278,6.75866],[79.89283,6.75557],[79.88896,6.75381],[79.88787,6.75356],[79.88721,6.75323]]]}},{"type":"Feature","properties":{"pcode":"LK1133175","gn":"Koralawella East","ds":"Moratuwa","district":"Colombo"},"geometry":{"type":"Polygon","coordinates":[[[79.89294,6.76393],[79.89312,6.76244],[79.89278,6.75866],[79.8914,6.75859],[79.88969,6.758],[79.88808,6.76262],[79.88777,6.76525],[79.89052,6.7658],[79.89165,6.76634],[79.89245,6.76527],[79.89294,6.76393]]]}},{"type":"Feature","properties":{"pcode":"LK1133170","gn":"Koralawella North","ds":"Moratuwa","district":"Colombo"},"geometry":{"type":"Polygon","coordinates":[[[79.88604,6.75645],[79.88401,6.76078],[79.88372,6.76185],[79.88296,6.76313],[79.88286,6.76381],[79.88378,6.764],[79.88421,6.76422],[79.88536,6.76442],[79.88525,6.76512],[79.88563,6.76501],[79.88774,6.76535],[79.88808,6.76262],[79.88974,6.75784],[79.88604,6.75645]]]}},{"type":"Feature","properties":{"pcode":"LK1133045","gn":"Lakshapathiya North","ds":"Moratuwa","district":"Colombo"},"geometry":{"type":"Polygon","coordinates":[[[79.88842,6.8001],[79.88851,6.7991],[79.88827,6.79907],[79.88565,6.79763],[79.88354,6.79769],[79.88188,6.79727],[79.88018,6.79702],[79.87762,6.79702],[79.87746,6.79709],[79.87738,6.79754],[79.87658,6.79851],[79.87658,6.79908],[79.87733,6.79935],[79.88675,6.80459],[79.88791,6.80227],[79.88842,6.8001]]]}},{"type":"Feature","properties":{"pcode":"LK1133065","gn":"Uyana North","ds":"Moratuwa","district":"Colombo"},"geometry":{"type":"Polygon","coordinates":[[[79.87496,6.78689],[79.8747,6.78757],[79.87487,6.78778],[79.87484,6.78812],[79.87446,6.78955],[79.87383,6.79115],[79.87344,6.79264],[79.87271,6.79469],[79.87411,6.79485],[79.87443,6.79434],[79.87577,6.794],[79.87748,6.79265],[79.87806,6.79193],[79.87857,6.78969],[79.87943,6.78793],[79.87604,6.78725],[79.87496,6.78689]]]}},{"type":"Feature","properties":{"pcode":"LK1133060","gn":"Uyana South","ds":"Moratuwa","district":"Colombo"},"geometry":{"type":"Polygon","coordinates":[[[79.87779,6.77809],[79.8774,6.77884],[79.87706,6.78001],[79.87635,6.78172],[79.87635,6.78203],[79.87593,6.78319],[79.87587,6.78381],[79.87524,6.78619],[79.87496,6.78688],[79.87604,6.78725],[79.87943,6.78793],[79.87986,6.78739],[79.88024,6.78714],[79.88117,6.78485],[79.88173,6.78382],[79.88369,6.78435],[79.88444,6.78428],[79.88441,6.784],[79.88384,6.78154],[79.88316,6.77983],[79.88141,6.77945],[79.88111,6.77933],[79.88081,6.77899],[79.87816,6.7781],[79.87779,6.77809]]]}},{"type":"Feature","properties":{"pcode":"LK1133055","gn":"Angulana South","ds":"Moratuwa","district":"Colombo"},"geometry":{"type":"Polygon","coordinates":[[[79.87271,6.79469],[79.87225,6.79662],[79.87173,6.798],[79.87271,6.79823],[79.8732,6.79815],[79.87428,6.79823],[79.87504,6.79851],[79.8754,6.79772],[79.87515,6.79671],[79.87507,6.79651],[79.87432,6.79596],[79.87412,6.79545],[79.87412,6.79485],[79.87271,6.79469]]]}},{"type":"Feature","properties":{"pcode":"LK1133050","gn":"Lakshapathiya Central","ds":"Moratuwa","district":"Colombo"},"geometry":{"type":"Polygon","coordinates":[[[79.87927,6.79703],[79.87929,6.79646],[79.87907,6.79598],[79.87888,6.79446],[79.87871,6.79423],[79.87854,6.79362],[79.87864,6.79329],[79.87806,6.79193],[79.8772,6.79292],[79.87577,6.794],[79.87467,6.79421],[79.87417,6.79469],[79.87417,6.79568],[79.87435,6.796],[79.87507,6.79651],[79.8754,6.79772],[79.87504,6.79851],[79.87557,6.79889],[79.87658,6.79908],[79.87661,6.79843],[79.87738,6.79754],[79.87751,6.79705],[79.87859,6.79695],[79.87927,6.79703]]]}},{"type":"Feature","properties":{"pcode":"LK1133085","gn":"Kuduwamulla","ds":"Moratuwa","district":"Colombo"},"geometry":{"type":"Polygon","coordinates":[[[79.89683,6.79551],[79.89698,6.79454],[79.89751,6.7934],[79.89769,6.79257],[79.89709,6.79223],[79.89701,6.79166],[79.89616,6.79244],[79.89413,6.79219],[79.89225,6.79274],[79.89158,6.79268],[79.89108,6.79246],[79.89068,6.79242],[79.89024,6.7928],[79.88981,6.79287],[79.88993,6.79305],[79.89013,6.79305],[79.89015,6.7932],[79.89069,6.7932],[79.89041,6.7938],[79.89049,6.79422],[79.89063,6.7942],[79.8905,6.79476],[79.89053,6.79563],[79.89059,6.79637],[79.89074,6.79634],[79.89079,6.7967],[79.89052,6.79742],[79.8906,6.79746],[79.89122,6.79741],[79.89138,6.79703],[79.89241,6.79701],[79.89256,6.79612],[79.89299,6.79579],[79.89357,6.7958],[79.89339,6.79657],[79.89385,6.79643],[79.89385,6.79604],[79.89517,6.79577],[79.89534,6.7956],[79.89601,6.7954],[79.89683,6.79551]]]}},{"type":"Feature","properties":{"pcode":"LK1133080","gn":"Lakshapathiya South","ds":"Moratuwa","district":"Colombo"},"geometry":{"type":"Polygon","coordinates":[[[79.88855,6.7976],[79.8883,6.79616],[79.88752,6.79424],[79.88601,6.79459],[79.88537,6.794],[79.88555,6.79366],[79.8852,6.79329],[79.8847,6.79328],[79.8845,6.79314],[79.88389,6.79341],[79.88307,6.79355],[79.88296,6.79383],[79.8827,6.79369],[79.88225,6.79338],[79.88224,6.79284],[79.88188,6.79257],[79.88216,6.79213],[79.88147,6.79178],[79.88127,6.7914],[79.88142,6.7908],[79.88179,6.79022],[79.88169,6.78989],[79.88,6.78966],[79.87891,6.78899],[79.87857,6.78969],[79.87806,6.7919],[79.87864,6.79329],[79.87854,6.79362],[79.87871,6.79423],[79.87888,6.79446],[79.87907,6.79598],[79.87929,6.79646],[79.87927,6.79703],[79.88018,6.79702],[79.88188,6.79727],[79.88354,6.79769],[79.88565,6.79763],[79.88827,6.79907],[79.88851,6.7991],[79.88855,6.7976]]]}},{"type":"Feature","properties":{"pcode":"LK1133075","gn":"Rawathawatta East","ds":"Moratuwa","district":"Colombo"},"geometry":{"type":"Polygon","coordinates":[[[79.89054,6.79736],[79.89079,6.7967],[79.89074,6.79634],[79.89059,6.79637],[79.89053,6.79563],[79.8905,6.79476],[79.89063,6.7942],[79.89049,6.79422],[79.89041,6.7938],[79.89069,6.7932],[79.89015,6.7932],[79.89013,6.79305],[79.88993,6.79305],[79.88981,6.79287],[79.89024,6.7928],[79.89068,6.79242],[79.89173,6.7927],[79.89238,6.79273],[79.89264,6.79264],[79.89215,6.79162],[79.89206,6.79091],[79.89195,6.79095],[79.89174,6.79029],[79.89123,6.78976],[79.89111,6.78974],[79.89108,6.78961],[79.89089,6.78957],[79.89084,6.78899],[79.89069,6.78869],[79.89086,6.78827],[79.89083,6.78798],[79.88967,6.78793],[79.88907,6.7877],[79.88781,6.78774],[79.88597,6.78744],[79.8849,6.78755],[79.8883,6.79616],[79.88855,6.7976],[79.88873,6.79745],[79.88909,6.79746],[79.88916,6.79709],[79.88963,6.79712],[79.88968,6.79722],[79.89031,6.7974],[79.89054,6.79736]]]}},{"type":"Feature","properties":{"pcode":"LK1133070","gn":"Rawathawatta South","ds":"Moratuwa","district":"Colombo"},"geometry":{"type":"Polygon","coordinates":[[[79.88894,6.78438],[79.88857,6.7845],[79.88857,6.78481],[79.88792,6.78495],[79.88692,6.78474],[79.8865,6.7849],[79.88448,6.78461],[79.88468,6.78675],[79.8849,6.78755],[79.88597,6.78744],[79.88781,6.78774],[79.88914,6.78771],[79.88967,6.78793],[79.89228,6.788],[79.89231,6.78752],[79.8925,6.78751],[79.89251,6.78733],[79.89228,6.78704],[79.89252,6.78637],[79.89137,6.78596],[79.89128,6.78576],[79.89108,6.78591],[79.89019,6.78538],[79.89,6.78512],[79.88958,6.785],[79.88949,6.78477],[79.88912,6.78496],[79.88894,6.78438]]]}},{"type":"Feature","properties":{"pcode":"LK1133105","gn":"Kadalana","ds":"Moratuwa","district":"Colombo"},"geometry":{"type":"Polygon","coordinates":[[[79.89294,6.78801],[79.89303,6.78666],[79.89334,6.78589],[79.89364,6.78437],[79.89284,6.78404],[79.89245,6.78369],[79.89239,6.78346],[79.89257,6.78297],[79.89223,6.78273],[79.89174,6.78267],[79.89192,6.78161],[79.89175,6.78127],[79.89149,6.78114],[79.89152,6.78066],[79.89228,6.77933],[79.8918,6.77884],[79.8912,6.77885],[79.89063,6.77922],[79.89002,6.77939],[79.88899,6.78011],[79.88799,6.7816],[79.88787,6.78285],[79.8883,6.78282],[79.8887,6.78446],[79.88894,6.78438],[79.88912,6.78496],[79.88949,6.78477],[79.88958,6.785],[79.89,6.78512],[79.89019,6.78538],[79.89108,6.78591],[79.89128,6.78576],[79.89137,6.78596],[79.89252,6.78637],[79.89228,6.78704],[79.89251,6.78733],[79.8925,6.78751],[79.89231,6.78752],[79.89228,6.788],[79.89294,6.78801]]]}},{"type":"Feature","properties":{"pcode":"LK1133100","gn":"Moratumulla North","ds":"Moratuwa","district":"Colombo"},"geometry":{"type":"Polygon","coordinates":[[[79.89701,6.79166],[79.89735,6.79082],[79.89679,6.78971],[79.89682,6.7882],[79.89449,6.78768],[79.89327,6.78804],[79.89083,6.78798],[79.89086,6.78827],[79.89069,6.78869],[79.89084,6.78899],[79.89089,6.78957],[79.89108,6.78961],[79.89111,6.78974],[79.89123,6.78976],[79.89174,6.79029],[79.89195,6.79095],[79.89206,6.79091],[79.89215,6.79162],[79.89264,6.79264],[79.89383,6.79223],[79.89431,6.79218],[79.89616,6.79244],[79.89701,6.79166]]]}},{"type":"Feature","properties":{"pcode":"LK1133205","gn":"Egoda Uyana Central","ds":"Moratuwa","district":"Colombo"},"geometry":{"type":"Polygon","coordinates":[[[79.8979,6.72515],[79.89594,6.73071],[79.89758,6.73085],[79.89794,6.73111],[79.89999,6.73132],[79.9016,6.73181],[79.90298,6.72583],[79.90194,6.72543],[79.90056,6.72512],[79.90038,6.72567],[79.8979,6.72515]]]}},{"type":"Feature","properties":{"pcode":"LK1133200","gn":"Egoda Uyana North","ds":"Moratuwa","district":"Colombo"},"geometry":{"type":"Polygon","coordinates":[[[79.89531,6.73223],[79.89524,6.73264],[79.89427,6.73482],[79.89336,6.73739],[79.89725,6.73817],[79.89925,6.73886],[79.9016,6.73181],[79.89999,6.73132],[79.89794,6.73111],[79.89758,6.73085],[79.89594,6.73071],[79.89531,6.73223]]]}},{"type":"Feature","properties":{"pcode":"LK1133195","gn":"Katukurunda South","ds":"Moratuwa","district":"Colombo"},"geometry":{"type":"Polygon","coordinates":[[[79.89298,6.73872],[79.89199,6.74104],[79.89106,6.74374],[79.89454,6.74471],[79.89455,6.74463],[79.89608,6.74549],[79.89645,6.74438],[79.8983,6.74091],[79.89925,6.73886],[79.89725,6.73817],[79.89336,6.73739],[79.89298,6.73872]]]}},{"type":"Feature","properties":{"pcode":"LK1133190","gn":"Katukurunda North","ds":"Moratuwa","district":"Colombo"},"geometry":{"type":"Polygon","coordinates":[[[79.89041,6.74501],[79.88907,6.74833],[79.8889,6.74909],[79.8894,6.74936],[79.89099,6.74979],[79.89292,6.75051],[79.89297,6.75031],[79.89396,6.75056],[79.89486,6.75105],[79.89537,6.74787],[79.89608,6.74549],[79.89455,6.74463],[79.89454,6.74471],[79.89106,6.74374],[79.89041,6.74501]]]}},{"type":"Feature","properties":{"pcode":"LK1133210","gn":"Egoda Uyana South","ds":"Moratuwa","district":"Colombo"},"geometry":{"type":"Polygon","coordinates":[[[79.90107,6.71536],[79.90073,6.71573],[79.90064,6.71623],[79.90071,6.71671],[79.90022,6.71674],[79.8995,6.71653],[79.89948,6.71701],[79.90039,6.71741],[79.9003,6.7194],[79.89866,6.72296],[79.89792,6.72512],[79.90038,6.72567],[79.90056,6.72512],[79.90194,6.72543],[79.90298,6.72583],[79.90384,6.72077],[79.90396,6.7191],[79.90387,6.71827],[79.9034,6.71717],[79.90263,6.71615],[79.90168,6.71546],[79.90107,6.71536]]]}},{"type":"Feature","properties":{"pcode":"LK1303305","gn":"Thalpitiya North","ds":"Panadura","district":"Kalutara"},"geometry":{"type":"Polygon","coordinates":[[[79.91886,6.67817],[79.91738,6.68179],[79.91727,6.68258],[79.91704,6.6826],[79.91682,6.68286],[79.91608,6.68418],[79.9166,6.68449],[79.91675,6.68475],[79.91759,6.68511],[79.91797,6.68545],[79.91817,6.6859],[79.91832,6.686],[79.91834,6.68626],[79.91893,6.68653],[79.92045,6.68336],[79.92247,6.68388],[79.92402,6.68408],[79.92468,6.68431],[79.92636,6.68544],[79.92687,6.68555],[79.92781,6.68525],[79.92831,6.68487],[79.92944,6.68299],[79.92907,6.68258],[79.92909,6.68176],[79.92855,6.68149],[79.92772,6.68126],[79.92668,6.68123],[79.92393,6.68005],[79.92385,6.6802],[79.9216,6.67896],[79.92043,6.6786],[79.92038,6.67874],[79.91995,6.67861],[79.91999,6.67849],[79.91886,6.67817]]]}},{"type":"Feature","properties":{"pcode":"LK1303300","gn":"Pinwatta West","ds":"Panadura","district":"Kalutara"},"geometry":{"type":"Polygon","coordinates":[[[79.91608,6.68418],[79.91529,6.68587],[79.9124,6.69066],[79.91141,6.69264],[79.91215,6.69318],[79.91212,6.69329],[79.91452,6.69414],[79.91513,6.69223],[79.91664,6.69304],[79.91701,6.69241],[79.91716,6.69248],[79.91758,6.69162],[79.91763,6.69124],[79.91813,6.69069],[79.91833,6.69073],[79.9186,6.69027],[79.91887,6.69012],[79.91948,6.68928],[79.91977,6.68831],[79.92033,6.6872],[79.92042,6.68719],[79.92045,6.68701],[79.92247,6.68388],[79.92045,6.68336],[79.91893,6.68653],[79.91834,6.68626],[79.91832,6.686],[79.91817,6.6859],[79.91797,6.68545],[79.91759,6.68511],[79.91675,6.68475],[79.9166,6.68449],[79.91608,6.68418]]]}},{"type":"Feature","properties":{"pcode":"LK1303295","gn":"Pinwatta","ds":"Panadura","district":"Kalutara"},"geometry":{"type":"Polygon","coordinates":[[[79.92318,6.69286],[79.92459,6.69063],[79.92527,6.68976],[79.92518,6.68964],[79.92535,6.68943],[79.92549,6.68951],[79.92568,6.68936],[79.92603,6.68878],[79.92658,6.68821],[79.92682,6.68723],[79.92772,6.68604],[79.92785,6.6855],[79.92775,6.68528],[79.92687,6.68555],[79.92636,6.68544],[79.92468,6.68431],[79.92402,6.68408],[79.92247,6.68388],[79.92045,6.68701],[79.92042,6.68719],[79.92033,6.6872],[79.91977,6.68831],[79.91948,6.68928],[79.91887,6.69012],[79.9186,6.69027],[79.91833,6.69073],[79.91813,6.69069],[79.91763,6.69124],[79.91726,6.69234],[79.91716,6.69248],[79.91701,6.69241],[79.91664,6.69304],[79.91737,6.6933],[79.91894,6.69355],[79.91859,6.69482],[79.91906,6.69505],[79.91933,6.69452],[79.91951,6.69384],[79.91989,6.69425],[79.92054,6.69422],[79.92192,6.69377],[79.92318,6.69286]]]}},{"type":"Feature","properties":{"pcode":"LK1303290","gn":"Narampitiya","ds":"Panadura","district":"Kalutara"},"geometry":{"type":"Polygon","coordinates":[[[79.94159,6.68914],[79.94062,6.68841],[79.93963,6.68816],[79.93849,6.68804],[79.93777,6.68765],[79.93661,6.68668],[79.93453,6.68401],[79.93279,6.68247],[79.93228,6.68219],[79.93119,6.68219],[79.93038,6.68231],[79.92988,6.68254],[79.92921,6.68328],[79.92855,6.68457],[79.92775,6.68528],[79.92785,6.68552],[79.92776,6.68597],[79.92683,6.68721],[79.92658,6.68821],[79.92603,6.68878],[79.92567,6.68937],[79.92549,6.68951],[79.92529,6.68949],[79.92518,6.68964],[79.92527,6.68976],[79.92398,6.69158],[79.92534,6.69246],[79.92575,6.69256],[79.92766,6.6937],[79.92771,6.69402],[79.92789,6.69414],[79.92853,6.69432],[79.92893,6.69425],[79.92976,6.69451],[79.93015,6.69471],[79.93037,6.69499],[79.93079,6.69498],[79.93148,6.6953],[79.9317,6.69443],[79.93212,6.69376],[79.93405,6.69217],[79.93501,6.69078],[79.9353,6.6908],[79.93674,6.69018],[79.9397,6.68922],[79.94159,6.68914]]]}},{"type":"Feature","properties":{"pcode":"LK1303325","gn":"Wadduwa East","ds":"Panadura","district":"Kalutara"},"geometry":{"type":"Polygon","coordinates":[[[79.93767,6.67053],[79.93736,6.67046],[79.93739,6.67027],[79.93705,6.67006],[79.93673,6.67015],[79.9367,6.67002],[79.93515,6.66986],[79.93394,6.67002],[79.93309,6.6703],[79.93329,6.66958],[79.93293,6.66963],[79.93271,6.66931],[79.93243,6.66933],[79.93201,6.66956],[79.93165,6.66958],[79.93158,6.66905],[79.93119,6.66805],[79.93117,6.6672],[79.93107,6.66717],[79.93101,6.66679],[79.93156,6.66572],[79.93156,6.66513],[79.93182,6.66495],[79.93203,6.66345],[79.93249,6.66217],[79.93259,6.66201],[79.93338,6.66227],[79.93306,6.66181],[79.93321,6.66159],[79.93321,6.66113],[79.93338,6.66087],[79.93304,6.66039],[79.93251,6.66008],[79.92931,6.66637],[79.92859,6.66824],[79.92793,6.66926],[79.92745,6.6703],[79.92822,6.67068],[79.92881,6.67128],[79.92928,6.67155],[79.92969,6.67169],[79.93041,6.67172],[79.93077,6.67196],[79.93121,6.67204],[79.93171,6.67289],[79.93236,6.67309],[79.93232,6.67388],[79.93213,6.67461],[79.9325,6.67475],[79.93303,6.67542],[79.93297,6.67627],[79.93347,6.67673],[79.93357,6.67652],[79.93441,6.67697],[79.93447,6.67602],[79.93499,6.67494],[79.93465,6.67465],[79.93477,6.67429],[79.93514,6.67439],[79.93698,6.67427],[79.93712,6.67413],[79.93736,6.67325],[79.93768,6.67321],[79.93763,6.67289],[79.93781,6.67252],[79.93767,6.67053]]]}},{"type":"Feature","properties":{"pcode":"LK1303320","gn":"Wadduwa West","ds":"Panadura","district":"Kalutara"},"geometry":{"type":"Polygon","coordinates":[[[79.92502,6.66519],[79.92318,6.66878],[79.92456,6.6691],[79.92465,6.66883],[79.92477,6.66884],[79.92578,6.66927],[79.9259,6.66901],[79.92703,6.66947],[79.92707,6.66971],[79.92757,6.67002],[79.92859,6.66824],[79.92914,6.66673],[79.93009,6.66486],[79.92801,6.66411],[79.92781,6.66427],[79.92761,6.66473],[79.92754,6.66534],[79.92726,6.66595],[79.92611,6.66548],[79.92502,6.66519]]]}},{"type":"Feature","properties":{"pcode":"LK1303315","gn":"Pallimankada","ds":"Panadura","district":"Kalutara"},"geometry":{"type":"Polygon","coordinates":[[[79.92318,6.66879],[79.92245,6.67059],[79.92094,6.67351],[79.92277,6.6742],[79.92349,6.67435],[79.92576,6.6755],[79.92938,6.6761],[79.93063,6.67647],[79.93091,6.67598],[79.93161,6.67555],[79.93224,6.67436],[79.93236,6.67309],[79.93171,6.67289],[79.93121,6.67204],[79.93077,6.67196],[79.93045,6.67173],[79.92969,6.67169],[79.92899,6.6714],[79.92822,6.67068],[79.92745,6.6703],[79.92757,6.67002],[79.92707,6.66971],[79.92703,6.66947],[79.92668,6.66931],[79.9259,6.66901],[79.92578,6.66927],[79.92477,6.66884],[79.92465,6.66883],[79.92456,6.6691],[79.92318,6.66879]]]}},{"type":"Feature","properties":{"pcode":"LK1303310","gn":"Thalpitiya South","ds":"Panadura","district":"Kalutara"},"geometry":{"type":"Polygon","coordinates":[[[79.92091,6.67357],[79.91886,6.67817],[79.91999,6.67849],[79.91995,6.67861],[79.92038,6.67874],[79.92043,6.6786],[79.9216,6.67896],[79.92385,6.6802],[79.92393,6.68005],[79.92668,6.68123],[79.92772,6.68126],[79.92855,6.68149],[79.92909,6.68176],[79.92907,6.68258],[79.92944,6.68299],[79.92988,6.68254],[79.93038,6.68231],[79.93182,6.68214],[79.93228,6.68219],[79.93279,6.68247],[79.93453,6.68401],[79.93661,6.68668],[79.93812,6.68787],[79.93849,6.68804],[79.93963,6.68816],[79.94062,6.68841],[79.94159,6.68914],[79.94358,6.68899],[79.9421,6.68716],[79.94153,6.68666],[79.94137,6.68653],[79.94129,6.68683],[79.94112,6.68693],[79.94081,6.68657],[79.94015,6.68616],[79.94031,6.68548],[79.93868,6.68381],[79.93828,6.68211],[79.93791,6.68189],[79.93814,6.67952],[79.93808,6.6789],[79.93819,6.67857],[79.93648,6.67755],[79.93653,6.67743],[79.93552,6.67704],[79.93513,6.67735],[79.93357,6.67652],[79.93343,6.67671],[79.93297,6.67627],[79.93303,6.67542],[79.93235,6.67465],[79.93213,6.67461],[79.93161,6.67555],[79.93091,6.67598],[79.93063,6.67647],[79.92938,6.6761],[79.92576,6.6755],[79.92349,6.67435],[79.92091,6.67357]]]}},{"type":"Feature","properties":{"pcode":"LK1303345","gn":"Wadduwa South","ds":"Panadura","district":"Kalutara"},"geometry":{"type":"Polygon","coordinates":[[[79.9278,6.65921],[79.92719,6.66035],[79.92629,6.66265],[79.92502,6.66519],[79.92611,6.66548],[79.92726,6.66595],[79.92754,6.66534],[79.92761,6.66473],[79.92781,6.66427],[79.92801,6.66411],[79.93009,6.66486],[79.93224,6.66063],[79.93163,6.66036],[79.9317,6.6601],[79.93126,6.65972],[79.93029,6.65921],[79.92996,6.65995],[79.9278,6.65921]]]}},{"type":"Feature","properties":{"pcode":"LK1303340","gn":"Kuda Wadduwa","ds":"Panadura","district":"Kalutara"},"geometry":{"type":"Polygon","coordinates":[[[79.93515,6.66986],[79.93542,6.66874],[79.936,6.66794],[79.93668,6.66662],[79.93711,6.66643],[79.9376,6.66591],[79.93825,6.66362],[79.93806,6.6633],[79.93768,6.66327],[79.93751,6.66343],[79.93724,6.66335],[79.93622,6.66263],[79.93588,6.66253],[79.93557,6.66263],[79.93453,6.66215],[79.93338,6.66087],[79.93321,6.66113],[79.93321,6.66159],[79.93306,6.66181],[79.93338,6.66227],[79.93259,6.66201],[79.93249,6.66217],[79.93203,6.66345],[79.93182,6.66495],[79.93156,6.66513],[79.93156,6.66572],[79.93101,6.66679],[79.93107,6.66717],[79.93117,6.6672],[79.93119,6.66805],[79.93158,6.66905],[79.93165,6.66958],[79.93201,6.66956],[79.93243,6.66933],[79.93271,6.66931],[79.93293,6.66963],[79.93333,6.66961],[79.93309,6.6703],[79.93394,6.67002],[79.93515,6.66986]]]}},{"type":"Feature","properties":{"pcode":"LK1303335","gn":"Pattieliya","ds":"Panadura","district":"Kalutara"},"geometry":{"type":"Polygon","coordinates":[[[79.94204,6.67026],[79.9419,6.67004],[79.94132,6.67014],[79.94029,6.67003],[79.94005,6.66904],[79.94006,6.66796],[79.94081,6.66771],[79.94085,6.66631],[79.94103,6.66541],[79.94137,6.66449],[79.93908,6.66476],[79.93825,6.66362],[79.9376,6.66591],[79.93711,6.66643],[79.93668,6.66662],[79.936,6.66794],[79.93542,6.66874],[79.93515,6.66986],[79.9367,6.67002],[79.93673,6.67015],[79.93705,6.67006],[79.93739,6.67027],[79.93736,6.67046],[79.93753,6.67057],[79.93829,6.67028],[79.93898,6.67027],[79.93966,6.67071],[79.94094,6.6703],[79.94204,6.67026]]]}},{"type":"Feature","properties":{"pcode":"LK1303360","gn":"Molligoda South","ds":"Panadura","district":"Kalutara"},"geometry":{"type":"Polygon","coordinates":[[[79.94332,6.6575],[79.94279,6.65502],[79.94389,6.65515],[79.94422,6.65495],[79.94435,6.65451],[79.94566,6.65469],[79.94888,6.65663],[79.94933,6.65643],[79.94975,6.65648],[79.95004,6.65598],[79.95017,6.65608],[79.95119,6.65593],[79.95109,6.65548],[79.95179,6.65522],[79.95133,6.65426],[79.95066,6.65387],[79.94993,6.65324],[79.94929,6.653],[79.94854,6.65104],[79.94776,6.64998],[79.948,6.64943],[79.94809,6.64886],[79.94831,6.64838],[79.94825,6.64834],[79.94528,6.64879],[79.94529,6.64921],[79.9451,6.64947],[79.94514,6.64993],[79.94493,6.65044],[79.94385,6.65029],[79.94361,6.65001],[79.94315,6.65003],[79.94261,6.65062],[79.94231,6.65069],[79.94085,6.65029],[79.94057,6.65025],[79.9404,6.65049],[79.93944,6.6501],[79.93815,6.65017],[79.93749,6.64998],[79.93677,6.65017],[79.93638,6.65047],[79.93649,6.65094],[79.93667,6.65098],[79.93663,6.65178],[79.93641,6.65205],[79.93572,6.65191],[79.93552,6.65246],[79.93533,6.65358],[79.93552,6.65389],[79.93516,6.65505],[79.93835,6.65564],[79.94105,6.65676],[79.94217,6.65698],[79.94332,6.6575]]]}},{"type":"Feature","properties":{"pcode":"LK1303355","gn":"Molligoda North","ds":"Panadura","district":"Kalutara"},"geometry":{"type":"Polygon","coordinates":[[[79.94137,6.66449],[79.94177,6.6635],[79.94204,6.66314],[79.94222,6.66254],[79.94211,6.66238],[79.9423,6.66228],[79.94271,6.66111],[79.94266,6.66091],[79.94282,6.6608],[79.94327,6.65948],[79.94353,6.65903],[79.94338,6.65791],[79.94322,6.65793],[79.94332,6.6575],[79.94217,6.65698],[79.94105,6.65676],[79.93835,6.65564],[79.93516,6.65505],[79.93482,6.65667],[79.93455,6.6574],[79.93362,6.65947],[79.93328,6.65985],[79.93304,6.66039],[79.93409,6.66176],[79.93453,6.66215],[79.93557,6.66263],[79.93588,6.66253],[79.93622,6.66263],[79.93724,6.66335],[79.93751,6.66343],[79.93768,6.66327],[79.93806,6.6633],[79.93908,6.66476],[79.94137,6.66449]]]}},{"type":"Feature","properties":{"pcode":"LK1303350","gn":"Molligoda","ds":"Panadura","district":"Kalutara"},"geometry":{"type":"Polygon","coordinates":[[[79.93177,6.64984],[79.93022,6.65351],[79.92988,6.65406],[79.9278,6.6592],[79.92996,6.65995],[79.93029,6.65921],[79.93126,6.65972],[79.9317,6.6601],[79.93163,6.66036],[79.93224,6.66063],[79.93251,6.66008],[79.93304,6.66039],[79.93328,6.65985],[79.93362,6.65947],[79.93455,6.6574],[79.93482,6.65667],[79.93517,6.655],[79.93542,6.6544],[79.93552,6.65389],[79.93533,6.65358],[79.93552,6.65246],[79.93572,6.65191],[79.93641,6.65205],[79.93663,6.65178],[79.93667,6.65098],[79.93649,6.65094],[79.93638,6.65047],[79.93677,6.65017],[79.93749,6.64998],[79.93625,6.64962],[79.93534,6.64958],[79.93526,6.64999],[79.93453,6.64973],[79.93408,6.65083],[79.93361,6.65049],[79.93261,6.65005],[79.93177,6.64984]]]}},{"type":"Feature","properties":{"pcode":"LK1306115","gn":"Pinwala West","ds":"Bandaragama","district":"Kalutara"},"geometry":{"type":"Polygon","coordinates":[[[79.92554,6.71226],[79.92367,6.71463],[79.92208,6.7138],[79.92104,6.713],[79.91913,6.71188],[79.91896,6.71166],[79.91836,6.71151],[79.91815,6.71129],[79.91803,6.71131],[79.91758,6.71258],[79.91737,6.71284],[79.91854,6.71295],[79.91869,6.7127],[79.92089,6.71362],[79.92224,6.71464],[79.92373,6.71627],[79.92559,6.71804],[79.92593,6.71822],[79.92645,6.71884],[79.92661,6.71942],[79.92828,6.71961],[79.92829,6.7194],[79.92853,6.71908],[79.92848,6.71857],[79.92825,6.71848],[79.9284,6.71807],[79.92834,6.71739],[79.92801,6.71682],[79.92817,6.71662],[79.92798,6.71657],[79.92778,6.71627],[79.92763,6.71523],[79.92709,6.71467],[79.92667,6.7135],[79.92554,6.71226]]]}},{"type":"Feature","properties":{"pcode":"LK1324095","gn":"Diyalagoda","ds":"Beruwala","district":"Kalutara"},"geometry":{"type":"Polygon","coordinates":[[[79.9802,6.50718],[79.98081,6.5077],[79.98127,6.50863],[79.98154,6.51044],[79.98276,6.51068],[79.98298,6.50989],[79.98324,6.50982],[79.98372,6.51071],[79.98452,6.51122],[79.98598,6.51073],[79.98643,6.51071],[79.98664,6.5105],[79.98732,6.51069],[79.98765,6.5113],[79.98812,6.51098],[79.98905,6.50991],[79.98999,6.50925],[79.99036,6.50915],[79.99088,6.50946],[79.99104,6.50911],[79.99171,6.50948],[79.99175,6.50931],[79.9918,6.50844],[79.99066,6.5081],[79.99025,6.50717],[79.98976,6.50696],[79.99077,6.50679],[79.99095,6.5062],[79.99003,6.50583],[79.98846,6.50547],[79.98818,6.50526],[79.98798,6.50547],[79.98793,6.50579],[79.98737,6.5064],[79.98685,6.50645],[79.98692,6.50679],[79.98676,6.50685],[79.98618,6.50682],[79.98606,6.50699],[79.98549,6.50707],[79.98344,6.50711],[79.98255,6.50697],[79.9818,6.50662],[79.98115,6.50657],[79.98062,6.50675],[79.9802,6.50718]]]}},{"type":"Feature","properties":{"pcode":"LK1324090","gn":"Munasinghagoda","ds":"Beruwala","district":"Kalutara"},"geometry":{"type":"Polygon","coordinates":[[[79.99783,6.51451],[79.99757,6.51382],[79.99668,6.51287],[79.9959,6.51169],[79.99607,6.51113],[79.99698,6.51031],[79.99707,6.5094],[79.99803,6.50792],[79.99723,6.50763],[79.99681,6.50789],[79.99631,6.50787],[79.99572,6.50755],[79.99513,6.50775],[79.99444,6.50774],[79.99424,6.50792],[79.99324,6.50833],[79.9925,6.50851],[79.9918,6.50844],[79.99171,6.50948],[79.99104,6.50911],[79.99088,6.50946],[79.99036,6.50915],[79.98999,6.50925],[79.98905,6.50991],[79.98812,6.51098],[79.98765,6.5113],[79.98732,6.51069],[79.98664,6.5105],[79.98643,6.51071],[79.98598,6.51073],[79.98452,6.51122],[79.98372,6.51071],[79.98348,6.51013],[79.98324,6.50982],[79.98309,6.50983],[79.98298,6.50989],[79.98276,6.51068],[79.98291,6.51093],[79.98262,6.51149],[79.98269,6.51215],[79.98202,6.51321],[79.9809,6.5156],[79.98083,6.51613],[79.98107,6.51657],[79.98134,6.51659],[79.98184,6.51611],[79.9824,6.51506],[79.98265,6.51516],[79.98311,6.51492],[79.98379,6.51493],[79.98568,6.51566],[79.98645,6.51678],[79.9874,6.51763],[79.98899,6.51793],[79.98869,6.51737],[79.98873,6.51692],[79.98887,6.51669],[79.98941,6.51633],[79.98961,6.51555],[79.98981,6.5154],[79.98997,6.51544],[79.99027,6.51506],[79.99056,6.5149],[79.99046,6.51451],[79.98991,6.51429],[79.98951,6.51392],[79.98954,6.51337],[79.98974,6.51297],[79.99004,6.51273],[79.99046,6.51265],[79.99143,6.51289],[79.99297,6.51375],[79.99401,6.51392],[79.99606,6.51459],[79.9964,6.51423],[79.99672,6.51419],[79.99734,6.5145],[79.99783,6.51451]]]}},{"type":"Feature","properties":{"pcode":"LK1324085","gn":"Pothuvila West","ds":"Beruwala","district":"Kalutara"},"geometry":{"type":"Polygon","coordinates":[[[79.98792,6.52038],[79.98821,6.51962],[79.98791,6.51943],[79.98793,6.51933],[79.98835,6.51859],[79.98843,6.51785],[79.98765,6.51773],[79.98719,6.51748],[79.98627,6.51656],[79.9857,6.51568],[79.98529,6.51547],[79.98379,6.51493],[79.98311,6.51492],[79.98263,6.51515],[79.98224,6.51808],[79.98278,6.51819],[79.98317,6.51846],[79.98447,6.51849],[79.98476,6.51892],[79.98498,6.52026],[79.9857,6.52032],[79.98589,6.52015],[79.98659,6.52023],[79.98706,6.52015],[79.98792,6.52038]]]}},{"type":"Feature","properties":{"pcode":"LK1324140","gn":"Maggona West","ds":"Beruwala","district":"Kalutara"},"geometry":{"type":"Polygon","coordinates":[[[79.97964,6.49818],[79.97877,6.50022],[79.97765,6.50183],[79.97737,6.5026],[79.97689,6.50291],[79.97664,6.50281],[79.97632,6.5029],[79.97636,6.50307],[79.97692,6.50327],[79.97688,6.50399],[79.97709,6.50414],[79.97711,6.5043],[79.97703,6.50443],[79.97672,6.50447],[79.97628,6.50489],[79.97599,6.50575],[79.97614,6.50608],[79.97657,6.50617],[79.97684,6.50607],[79.97721,6.50564],[79.97812,6.50545],[79.97911,6.50634],[79.97923,6.50664],[79.97922,6.50712],[79.97901,6.50758],[79.97946,6.50792],[79.97981,6.50763],[79.9801,6.50716],[79.98062,6.50675],[79.98115,6.50657],[79.9818,6.50662],[79.98113,6.50365],[79.98056,6.50173],[79.98058,6.50108],[79.98107,6.49911],[79.98011,6.49837],[79.97964,6.49818]]]}},{"type":"Feature","properties":{"pcode":"LK1324135","gn":"Akkaramale","ds":"Beruwala","district":"Kalutara"},"geometry":{"type":"Polygon","coordinates":[[[79.99803,6.50792],[79.99957,6.5078],[79.9996,6.50746],[80.0001,6.507],[80.00056,6.507],[79.9999,6.50671],[79.99959,6.50493],[79.99944,6.50517],[79.99781,6.50369],[79.99662,6.50244],[79.99596,6.50122],[79.99543,6.50067],[79.99536,6.49993],[79.99507,6.49926],[79.99484,6.49974],[79.99485,6.50031],[79.99455,6.50049],[79.99413,6.50043],[79.99363,6.50139],[79.99276,6.50156],[79.99162,6.50215],[79.99094,6.50229],[79.98969,6.50192],[79.98825,6.50188],[79.98713,6.50241],[79.98638,6.50243],[79.98596,6.5029],[79.98545,6.50323],[79.98484,6.50322],[79.984,6.5034],[79.98334,6.50411],[79.9832,6.50457],[79.98298,6.5047],[79.98224,6.50424],[79.98131,6.50443],[79.9818,6.50663],[79.98255,6.50697],[79.98441,6.50715],[79.98606,6.50699],[79.98618,6.50682],[79.98676,6.50685],[79.98692,6.50679],[79.98685,6.50645],[79.98737,6.5064],[79.98793,6.50579],[79.98798,6.50547],[79.98818,6.50526],[79.98846,6.50547],[79.99003,6.50583],[79.99095,6.5062],[79.99077,6.50679],[79.98976,6.50696],[79.99025,6.50717],[79.99057,6.50774],[79.99058,6.508],[79.99077,6.50817],[79.9925,6.50851],[79.99324,6.50833],[79.99424,6.50792],[79.99444,6.50774],[79.99513,6.50775],[79.99572,6.50755],[79.99631,6.50787],[79.99681,6.50789],[79.99723,6.50763],[79.99803,6.50792]]]}},{"type":"Feature","properties":{"pcode":"LK1324130","gn":"Maggona East","ds":"Beruwala","district":"Kalutara"},"geometry":{"type":"Polygon","coordinates":[[[79.99465,6.50046],[79.99448,6.50021],[79.99386,6.5],[79.99352,6.49973],[79.99226,6.49959],[79.9911,6.49864],[79.99066,6.49887],[79.98983,6.49891],[79.98976,6.49903],[79.9894,6.49879],[79.98938,6.49836],[79.98842,6.49808],[79.9883,6.49796],[79.98781,6.49824],[79.98713,6.49798],[79.98691,6.49833],[79.98563,6.4983],[79.98506,6.49849],[79.98433,6.49906],[79.98281,6.49941],[79.98165,6.49948],[79.98107,6.49912],[79.98058,6.50108],[79.98055,6.50165],[79.98131,6.50443],[79.98227,6.50424],[79.98294,6.50471],[79.98318,6.5046],[79.98334,6.50411],[79.98399,6.5034],[79.98484,6.50322],[79.98548,6.50321],[79.98596,6.5029],[79.98638,6.50243],[79.98713,6.50241],[79.98745,6.50218],[79.98839,6.50186],[79.98971,6.50192],[79.99083,6.50229],[79.99149,6.50218],[79.99269,6.50159],[79.99363,6.50139],[79.99413,6.50043],[79.99465,6.50046]]]}},{"type":"Feature","properties":{"pcode":"LK1324160","gn":"Magalkanda South","ds":"Beruwala","district":"Kalutara"},"geometry":{"type":"Polygon","coordinates":[[[79.99216,6.49596],[79.9911,6.49513],[79.99044,6.49477],[79.98935,6.49451],[79.98909,6.49424],[79.98887,6.4942],[79.98768,6.49496],[79.98523,6.49465],[79.98461,6.4953],[79.98484,6.49561],[79.98495,6.49629],[79.98484,6.49741],[79.98507,6.49849],[79.98563,6.4983],[79.98691,6.49833],[79.98713,6.49798],[79.98783,6.49824],[79.9883,6.49796],[79.98842,6.49808],[79.98941,6.49837],[79.9894,6.49879],[79.98976,6.49903],[79.98983,6.49891],[79.99066,6.49887],[79.9911,6.49864],[79.99208,6.4994],[79.9922,6.49891],[79.99266,6.49879],[79.99312,6.49852],[79.9922,6.49737],[79.99216,6.49596]]]}},{"type":"Feature","properties":{"pcode":"LK1324155","gn":"Magalkanda North","ds":"Beruwala","district":"Kalutara"},"geometry":{"type":"Polygon","coordinates":[[[79.98217,6.48921],[79.98182,6.49054],[79.98188,6.49114],[79.98243,6.49111],[79.98416,6.49146],[79.98444,6.49244],[79.98504,6.49236],[79.9855,6.4917],[79.98545,6.49252],[79.98569,6.49264],[79.98683,6.49261],[79.98769,6.49272],[79.98768,6.49279],[79.98673,6.49278],[79.98571,6.49317],[79.98509,6.49327],[79.98521,6.49466],[79.98768,6.49496],[79.98873,6.49422],[79.98896,6.49421],[79.98935,6.49451],[79.99037,6.49473],[79.99112,6.49515],[79.99209,6.49593],[79.99294,6.4962],[79.99325,6.49565],[79.9937,6.49559],[79.99408,6.49512],[79.99378,6.49467],[79.99336,6.49327],[79.99318,6.49308],[79.9932,6.49298],[79.99388,6.49264],[79.9941,6.49182],[79.99433,6.49181],[79.99451,6.49196],[79.99533,6.49191],[79.9956,6.49219],[79.99624,6.49241],[79.99659,6.49312],[79.99647,6.49381],[79.99709,6.49438],[79.99704,6.49369],[79.99741,6.49334],[79.99725,6.49282],[79.99694,6.49251],[79.99686,6.49224],[79.99568,6.49164],[79.99549,6.49134],[79.99526,6.49136],[79.99479,6.49114],[79.99431,6.49124],[79.99372,6.49104],[79.99338,6.4903],[79.99336,6.48916],[79.9935,6.4883],[79.99323,6.48829],[79.99246,6.48782],[79.99234,6.48782],[79.99234,6.48805],[79.99249,6.48947],[79.99187,6.48999],[79.99063,6.48948],[79.98923,6.48919],[79.98842,6.48921],[79.98749,6.48905],[79.98688,6.48986],[79.98692,6.49013],[79.9867,6.4903],[79.98661,6.49024],[79.98657,6.48977],[79.98604,6.49043],[79.9848,6.48965],[79.98413,6.48965],[79.98334,6.48946],[79.98334,6.48938],[79.98286,6.48947],[79.98217,6.48921]]]}},{"type":"Feature","properties":{"pcode":"LK1324150","gn":"Kuda Magalkanda","ds":"Beruwala","district":"Kalutara"},"geometry":{"type":"Polygon","coordinates":[[[79.98188,6.49116],[79.98186,6.4916],[79.98083,6.49409],[79.9808,6.49544],[79.98064,6.49584],[79.98247,6.4961],[79.98413,6.49583],[79.98521,6.49466],[79.98509,6.49327],[79.98571,6.49317],[79.98673,6.49278],[79.98768,6.49278],[79.98765,6.49269],[79.98683,6.49261],[79.98569,6.49264],[79.98545,6.49252],[79.9855,6.4917],[79.98504,6.49236],[79.98444,6.49244],[79.98416,6.49146],[79.98243,6.49111],[79.98188,6.49116]]]}},{"type":"Feature","properties":{"pcode":"LK1324145","gn":"Idiriligoda","ds":"Beruwala","district":"Kalutara"},"geometry":{"type":"Polygon","coordinates":[[[79.98063,6.49586],[79.97964,6.49818],[79.98011,6.49837],[79.98136,6.49933],[79.98165,6.49948],[79.9822,6.49948],[79.98405,6.49915],[79.98433,6.49906],[79.98507,6.49849],[79.98484,6.49741],[79.98495,6.49629],[79.98484,6.49561],[79.98461,6.4953],[79.98413,6.49583],[79.98309,6.49604],[79.98192,6.49607],[79.98063,6.49586]]]}},{"type":"Feature","properties":{"pcode":"LK1324005","gn":"Kuda Payagala North","ds":"Beruwala","district":"Kalutara"},"geometry":{"type":"Polygon","coordinates":[[[79.97036,6.54113],[79.96949,6.54352],[79.9714,6.5442],[79.97299,6.54454],[79.97332,6.54487],[79.97407,6.54489],[79.97402,6.54509],[79.97436,6.54518],[79.97437,6.5453],[79.97572,6.54577],[79.97612,6.54607],[79.97638,6.5463],[79.97668,6.54689],[79.97738,6.54688],[79.97842,6.54715],[79.97859,6.54742],[79.97879,6.54746],[79.97951,6.54739],[79.97941,6.54694],[79.97939,6.54533],[79.97923,6.54465],[79.97934,6.54393],[79.97869,6.54313],[79.97834,6.54289],[79.97701,6.54274],[79.97624,6.54249],[79.97543,6.54151],[79.97491,6.54145],[79.97472,6.54175],[79.97374,6.54133],[79.97329,6.5414],[79.97227,6.54111],[79.97215,6.54112],[79.97218,6.54136],[79.97205,6.54137],[79.97036,6.54113]]]}},{"type":"Feature","properties":{"pcode":"LK1324040","gn":"Pinidiyamulla","ds":"Beruwala","district":"Kalutara"},"geometry":{"type":"Polygon","coordinates":[[[79.9894,6.54226],[79.98917,6.54176],[79.98831,6.54096],[79.988,6.54053],[79.98799,6.53972],[79.98825,6.53896],[79.98809,6.53851],[79.98622,6.53613],[79.98519,6.53528],[79.98439,6.53491],[79.98409,6.53462],[79.98412,6.53391],[79.98334,6.53309],[79.98317,6.53193],[79.98286,6.5309],[79.98201,6.53023],[79.98192,6.53001],[79.98171,6.52912],[79.98175,6.52843],[79.98102,6.52831],[79.98024,6.52798],[79.98026,6.52858],[79.97993,6.5286],[79.97974,6.52989],[79.97921,6.53118],[79.97919,6.53179],[79.97889,6.53229],[79.9786,6.53373],[79.97751,6.53558],[79.9775,6.53581],[79.97788,6.53588],[79.97794,6.53577],[79.9787,6.53582],[79.97969,6.53606],[79.98038,6.53601],[79.98057,6.5363],[79.98213,6.53659],[79.98293,6.53723],[79.98265,6.53802],[79.98275,6.53822],[79.98451,6.53876],[79.98566,6.53985],[79.98741,6.5407],[79.9875,6.542],[79.98792,6.54243],[79.98898,6.54304],[79.9894,6.54226]]]}},{"type":"Feature","properties":{"pcode":"LK1324035","gn":"Payagala North","ds":"Beruwala","district":"Kalutara"},"geometry":{"type":"Polygon","coordinates":[[[79.97628,6.52611],[79.97483,6.53014],[79.97248,6.53606],[79.97442,6.53671],[79.97483,6.53703],[79.97578,6.53738],[79.97601,6.5366],[79.97722,6.53695],[79.97753,6.53609],[79.97751,6.53558],[79.9786,6.53373],[79.97889,6.53229],[79.97919,6.53179],[79.97921,6.53118],[79.97974,6.52989],[79.97993,6.5286],[79.98026,6.52858],[79.98024,6.52798],[79.97911,6.52775],[79.97894,6.52741],[79.97875,6.52735],[79.97871,6.52747],[79.97811,6.52726],[79.97784,6.52673],[79.97744,6.52648],[79.97628,6.52611]]]}},{"type":"Feature","properties":{"pcode":"LK1324030","gn":"Kuda Payagala South","ds":"Beruwala","district":"Kalutara"},"geometry":{"type":"Polygon","coordinates":[[[79.97248,6.53606],[79.97036,6.54113],[79.97205,6.54137],[79.97218,6.54136],[79.97215,6.54112],[79.97227,6.54111],[79.97329,6.5414],[79.97374,6.54133],[79.97472,6.54175],[79.97491,6.54145],[79.97543,6.54151],[79.97564,6.5399],[79.97614,6.53883],[79.97657,6.53848],[79.97722,6.53695],[79.97601,6.5366],[79.97578,6.53738],[79.97483,6.53703],[79.97442,6.53671],[79.97248,6.53606]]]}},{"type":"Feature","properties":{"pcode":"LK1324025","gn":"Malegoda","ds":"Beruwala","district":"Kalutara"},"geometry":{"type":"Polygon","coordinates":[[[79.98089,6.5477],[79.98151,6.54714],[79.9834,6.54627],[79.98391,6.54647],[79.98491,6.54654],[79.98651,6.54607],[79.98771,6.54594],[79.9896,6.54515],[79.98986,6.54489],[79.98996,6.54422],[79.98977,6.54398],[79.98888,6.54343],[79.98898,6.54304],[79.98829,6.54271],[79.9875,6.542],[79.98741,6.5407],[79.98566,6.53985],[79.98451,6.53876],[79.98275,6.53822],[79.98265,6.53802],[79.98295,6.53732],[79.98288,6.53714],[79.98258,6.53702],[79.98246,6.53682],[79.98187,6.53651],[79.98057,6.5363],[79.98038,6.53601],[79.97969,6.53606],[79.9787,6.53582],[79.97794,6.53577],[79.97788,6.53588],[79.9775,6.53581],[79.97746,6.53637],[79.97678,6.53808],[79.97657,6.53848],[79.97604,6.53899],[79.97564,6.5399],[79.97542,6.5415],[79.97624,6.54249],[79.97701,6.54274],[79.97834,6.54289],[79.97913,6.54359],[79.97934,6.54393],[79.97923,6.54465],[79.97939,6.54533],[79.9795,6.54735],[79.97991,6.54763],[79.98089,6.5477]]]}},{"type":"Feature","properties":{"pcode":"LK1324055","gn":"Weragala","ds":"Beruwala","district":"Kalutara"},"geometry":{"type":"Polygon","coordinates":[[[80.01568,6.53127],[80.01556,6.53054],[80.01588,6.52983],[80.01597,6.52914],[80.01577,6.52916],[80.01558,6.52902],[80.01515,6.52828],[80.01409,6.52739],[80.01398,6.5272],[80.0141,6.52696],[80.01401,6.52652],[80.01332,6.52546],[80.01235,6.52508],[80.01189,6.5245],[80.0109,6.52444],[80.01084,6.52384],[80.00829,6.52407],[80.00776,6.52439],[80.0066,6.52356],[80.00635,6.52314],[80.00573,6.52266],[80.0048,6.52238],[80.00428,6.52204],[80.00377,6.52143],[80.00232,6.52075],[80.0015,6.52064],[80.00094,6.52072],[79.99951,6.51981],[79.9994,6.52002],[79.9994,6.52044],[79.99928,6.52046],[79.99916,6.52072],[79.99785,6.52044],[79.99723,6.52051],[79.99661,6.52157],[79.99599,6.52218],[79.99486,6.52223],[79.99372,6.52251],[79.99321,6.52304],[79.99201,6.52271],[79.99155,6.52237],[79.99144,6.52338],[79.99111,6.52383],[79.98996,6.52397],[79.98839,6.52435],[79.98702,6.52486],[79.98668,6.52519],[79.9886,6.52619],[79.98952,6.52641],[79.99103,6.52628],[79.99378,6.5257],[79.99487,6.52582],[79.99614,6.52642],[79.99628,6.52659],[79.99644,6.52729],[79.99637,6.52755],[79.99591,6.52787],[79.99497,6.52766],[79.99407,6.52731],[79.99387,6.52748],[79.99426,6.52794],[79.99491,6.52809],[79.99555,6.52887],[79.99567,6.52969],[79.99558,6.52997],[79.99521,6.53042],[79.99563,6.53065],[79.9957,6.53136],[79.99776,6.53134],[79.99969,6.5316],[80.00087,6.53164],[80.00125,6.53183],[80.00164,6.53283],[80.00178,6.53366],[80.00271,6.53557],[80.00776,6.53312],[80.00926,6.53281],[80.01045,6.53234],[80.01303,6.53207],[80.01568,6.53127]]]}},{"type":"Feature","properties":{"pcode":"LK1324050","gn":"Palayangoda","ds":"Beruwala","district":"Kalutara"},"geometry":{"type":"Polygon","coordinates":[[[80.00271,6.53557],[80.00178,6.53366],[80.00164,6.53283],[80.00125,6.53183],[80.00087,6.53164],[79.99969,6.5316],[79.99776,6.53134],[79.9957,6.53136],[79.99563,6.53065],[79.99521,6.53042],[79.99558,6.52997],[79.99567,6.52969],[79.99555,6.52887],[79.99491,6.52809],[79.99426,6.52794],[79.99387,6.52748],[79.99407,6.52731],[79.99557,6.52783],[79.99591,6.52787],[79.99617,6.52774],[79.99637,6.52755],[79.99639,6.52696],[79.99628,6.52659],[79.99593,6.52629],[79.99487,6.52582],[79.99378,6.5257],[79.99103,6.52628],[79.98952,6.52641],[79.9886,6.52619],[79.98716,6.52552],[79.98617,6.52479],[79.98568,6.52463],[79.98523,6.52515],[79.98496,6.52507],[79.98435,6.52516],[79.98401,6.5249],[79.98371,6.52541],[79.98363,6.52578],[79.98373,6.52649],[79.98443,6.5265],[79.98483,6.52701],[79.98537,6.52737],[79.98555,6.52846],[79.98628,6.52885],[79.9862,6.52928],[79.98695,6.53055],[79.98709,6.53124],[79.98746,6.53197],[79.98804,6.53231],[79.98881,6.53236],[79.98912,6.53357],[79.99025,6.53554],[79.99065,6.53549],[79.99091,6.53531],[79.99103,6.53539],[79.99099,6.53626],[79.99087,6.53645],[79.9916,6.5378],[79.99213,6.53818],[79.99263,6.53897],[79.9934,6.53858],[79.9959,6.53863],[79.99677,6.53854],[79.99854,6.53766],[79.99995,6.5368],[80.00044,6.53667],[80.00056,6.5364],[80.00118,6.53629],[80.00271,6.53557]]]}},{"type":"Feature","properties":{"pcode":"LK1324045","gn":"Viharakanda","ds":"Beruwala","district":"Kalutara"},"geometry":{"type":"Polygon","coordinates":[[[79.99263,6.53897],[79.99213,6.53818],[79.9916,6.5378],[79.99087,6.53645],[79.99099,6.53626],[79.99103,6.53539],[79.99091,6.53531],[79.99065,6.53549],[79.99025,6.53554],[79.98912,6.53357],[79.98881,6.53236],[79.98804,6.53231],[79.98746,6.53197],[79.98709,6.53124],[79.98695,6.53055],[79.9862,6.52928],[79.98628,6.52885],[79.98555,6.52846],[79.98537,6.52737],[79.98483,6.52701],[79.98443,6.5265],[79.98373,6.52649],[79.98363,6.52578],[79.98305,6.52797],[79.98274,6.52819],[79.98194,6.52818],[79.98175,6.52843],[79.98171,6.52912],[79.98192,6.53001],[79.98201,6.53023],[79.98286,6.5309],[79.98317,6.53193],[79.98334,6.53309],[79.98412,6.53391],[79.98404,6.53436],[79.98413,6.53468],[79.98439,6.53491],[79.98516,6.53526],[79.98622,6.53613],[79.98815,6.53861],[79.98825,6.539],[79.98799,6.53972],[79.988,6.54053],[79.98831,6.54096],[79.98917,6.54176],[79.9894,6.54226],[79.99069,6.53999],[79.99263,6.53897]]]}},{"type":"Feature","properties":{"pcode":"LK1324080","gn":"Maha Payagala","ds":"Beruwala","district":"Kalutara"},"geometry":{"type":"Polygon","coordinates":[[[79.98154,6.51049],[79.98121,6.51232],[79.98104,6.51258],[79.98095,6.51305],[79.98015,6.51454],[79.98009,6.51642],[79.97911,6.51895],[79.97848,6.52018],[79.97824,6.52109],[79.97778,6.5219],[79.97751,6.5229],[79.97732,6.52302],[79.97628,6.52611],[79.97744,6.52648],[79.97784,6.52673],[79.97811,6.52726],[79.97871,6.52747],[79.97875,6.52735],[79.97886,6.52737],[79.97901,6.52746],[79.97911,6.52775],[79.98002,6.52793],[79.98016,6.52721],[79.98018,6.52616],[79.98113,6.52461],[79.98108,6.52409],[79.98074,6.52377],[79.98079,6.52304],[79.98134,6.52179],[79.98156,6.52074],[79.98203,6.51955],[79.98239,6.51748],[79.9824,6.51638],[79.98263,6.51515],[79.9824,6.51506],[79.98157,6.51646],[79.98134,6.51659],[79.981,6.5165],[79.98083,6.51613],[79.9809,6.5156],[79.98216,6.51292],[79.98261,6.51234],[79.98271,6.51193],[79.98262,6.51149],[79.98291,6.51093],[79.9827,6.51063],[79.98218,6.5106],[79.98175,6.51041],[79.98154,6.51049]]]}},{"type":"Feature","properties":{"pcode":"LK1324075","gn":"Mahagammedda","ds":"Beruwala","district":"Kalutara"},"geometry":{"type":"Polygon","coordinates":[[[79.98319,6.5276],[79.98371,6.52541],[79.98401,6.5249],[79.98435,6.52516],[79.98496,6.52507],[79.98523,6.52515],[79.98568,6.52463],[79.98617,6.52479],[79.98668,6.52519],[79.98702,6.52486],[79.98839,6.52435],[79.98996,6.52397],[79.99111,6.52383],[79.99145,6.52336],[79.99159,6.52198],[79.99153,6.52172],[79.99115,6.52142],[79.99089,6.52086],[79.9896,6.52036],[79.9892,6.52063],[79.98859,6.52062],[79.98706,6.52015],[79.98659,6.52023],[79.98589,6.52015],[79.9857,6.52032],[79.98498,6.52026],[79.98476,6.51892],[79.98447,6.51849],[79.98317,6.51846],[79.98278,6.51819],[79.98224,6.51808],[79.98203,6.51955],[79.98156,6.52074],[79.98134,6.52179],[79.98079,6.52304],[79.98074,6.52377],[79.98108,6.52409],[79.98113,6.52461],[79.98018,6.52616],[79.98016,6.52721],[79.98002,6.52793],[79.98102,6.52831],[79.98175,6.52843],[79.98186,6.52822],[79.9821,6.52814],[79.98274,6.52819],[79.98305,6.52797],[79.98319,6.5276]]]}},{"type":"Feature","properties":{"pcode":"LK1324070","gn":"Pothuvila East","ds":"Beruwala","district":"Kalutara"},"geometry":{"type":"Polygon","coordinates":[[[79.9994,6.52044],[79.9997,6.51904],[79.99955,6.518],[79.99956,6.51645],[79.99959,6.51607],[79.99977,6.51605],[79.99952,6.51589],[79.9992,6.51591],[79.99957,6.51537],[79.99929,6.51512],[79.99901,6.51498],[79.99783,6.51498],[79.99783,6.51451],[79.99734,6.5145],[79.99672,6.51419],[79.9964,6.51423],[79.99606,6.51459],[79.99401,6.51392],[79.99297,6.51375],[79.99143,6.51289],[79.99088,6.51274],[79.99046,6.51265],[79.99004,6.51273],[79.98974,6.51297],[79.98954,6.51337],[79.98951,6.51392],[79.98991,6.51429],[79.99046,6.51451],[79.99056,6.5149],[79.99027,6.51506],[79.98997,6.51544],[79.98981,6.5154],[79.98961,6.51555],[79.98941,6.51633],[79.98887,6.51669],[79.98873,6.51692],[79.98869,6.51737],[79.98899,6.51793],[79.98843,6.51785],[79.98835,6.51859],[79.98793,6.51933],[79.98791,6.51943],[79.98821,6.51962],[79.98792,6.52038],[79.98859,6.52062],[79.9892,6.52063],[79.9896,6.52036],[79.99089,6.52086],[79.99115,6.52142],[79.99153,6.52172],[79.99155,6.52237],[79.99201,6.52271],[79.99321,6.52304],[79.99372,6.52251],[79.99486,6.52223],[79.99599,6.52218],[79.99661,6.52157],[79.99723,6.52051],[79.99785,6.52044],[79.99916,6.52072],[79.99928,6.52046],[79.9994,6.52044]]]}},{"type":"Feature","properties":{"pcode":"LK1206335","gn":"Mookalangamuwa West","ds":"Katana","district":"Gampaha"},"geometry":{"type":"Polygon","coordinates":[[[79.88158,7.13181],[79.87617,7.13121],[79.87763,7.12526],[79.87724,7.1252],[79.87677,7.12601],[79.87623,7.12593],[79.87583,7.12682],[79.87559,7.12775],[79.87241,7.12709],[79.8724,7.12718],[79.87099,7.12733],[79.87119,7.12832],[79.87101,7.12935],[79.87107,7.13145],[79.8706,7.13213],[79.87064,7.13253],[79.87023,7.13365],[79.87024,7.13394],[79.86985,7.13428],[79.86965,7.13478],[79.86967,7.13503],[79.86927,7.13563],[79.86918,7.13611],[79.8689,7.13646],[79.87063,7.13673],[79.87118,7.13709],[79.8724,7.13742],[79.87362,7.13749],[79.87364,7.13874],[79.87408,7.13898],[79.87489,7.13896],[79.87491,7.13885],[79.87729,7.13942],[79.87759,7.13995],[79.87799,7.1401],[79.87806,7.14031],[79.87897,7.14042],[79.87915,7.14063],[79.88158,7.13181]]]}},{"type":"Feature","properties":{"pcode":"LK1206330","gn":"Seeduwa","ds":"Katana","district":"Gampaha"},"geometry":{"type":"Polygon","coordinates":[[[79.89153,7.1423],[79.89212,7.14038],[79.89305,7.13856],[79.89286,7.13822],[79.89112,7.13764],[79.89023,7.13706],[79.89017,7.13367],[79.89032,7.13253],[79.89064,7.13199],[79.89381,7.12923],[79.89405,7.12863],[79.89328,7.12602],[79.89277,7.1256],[79.89187,7.12518],[79.89029,7.12391],[79.88917,7.12246],[79.88835,7.12185],[79.88805,7.122],[79.88729,7.12305],[79.88748,7.12387],[79.88739,7.12518],[79.88696,7.12632],[79.8864,7.12731],[79.88615,7.12814],[79.8862,7.12985],[79.88642,7.13036],[79.88649,7.13147],[79.88635,7.13217],[79.88539,7.13415],[79.88425,7.13533],[79.8839,7.13633],[79.88348,7.13701],[79.88423,7.1374],[79.88518,7.13746],[79.88599,7.13766],[79.8858,7.13937],[79.8861,7.13948],[79.88607,7.13976],[79.88666,7.14003],[79.88718,7.1401],[79.88717,7.14022],[79.88788,7.14029],[79.88781,7.14071],[79.88808,7.14089],[79.88808,7.1413],[79.88831,7.14181],[79.88907,7.14199],[79.89009,7.142],[79.89153,7.1423]]]}},{"type":"Feature","properties":{"pcode":"LK1324250","gn":"Ambepitiya","ds":"Beruwala","district":"Kalutara"},"geometry":{"type":"Polygon","coordinates":[[[80.00295,6.47628],[80.00339,6.47582],[80.00348,6.47473],[80.00415,6.47453],[80.00367,6.47347],[80.00314,6.47294],[80.00312,6.47258],[80.00337,6.47217],[80.00379,6.4718],[80.00416,6.4706],[80.00286,6.46937],[80.00072,6.469],[80.00068,6.46836],[79.99915,6.46695],[79.99934,6.46649],[79.99872,6.46607],[79.99864,6.4658],[79.99878,6.4655],[79.99908,6.46555],[79.99919,6.46542],[79.99877,6.46503],[79.99869,6.46473],[79.9991,6.46439],[79.99928,6.46434],[79.99961,6.46452],[80.00009,6.46423],[79.99971,6.46315],[79.998,6.46352],[79.9966,6.46402],[79.99456,6.46451],[79.99082,6.46524],[79.99093,6.46763],[79.99149,6.46759],[79.9916,6.46777],[79.99327,6.46757],[79.99436,6.46779],[79.99432,6.4685],[79.99456,6.46861],[79.9945,6.46913],[79.99397,6.46916],[79.99387,6.47004],[79.99394,6.47044],[79.99383,6.47076],[79.99361,6.47086],[79.99358,6.47135],[79.99418,6.47166],[79.99459,6.47172],[79.99456,6.47202],[79.99495,6.47204],[79.99476,6.47303],[79.99501,6.47306],[79.99534,6.47392],[79.99619,6.47373],[79.99622,6.47398],[79.99645,6.47381],[79.99648,6.47423],[79.9968,6.47502],[79.99706,6.47497],[79.99743,6.47535],[79.99803,6.47557],[79.99869,6.47641],[80.00295,6.47628]]]}},{"type":"Feature","properties":{"pcode":"LK1324245","gn":"Kankanamgoda","ds":"Beruwala","district":"Kalutara"},"geometry":{"type":"Polygon","coordinates":[[[79.99328,6.47615],[79.99357,6.47576],[79.99459,6.47506],[79.99444,6.47458],[79.99477,6.47446],[79.99534,6.47392],[79.99501,6.47306],[79.99476,6.47303],[79.99495,6.47204],[79.99456,6.47202],[79.99459,6.47172],[79.99418,6.47166],[79.99358,6.47135],[79.99361,6.47086],[79.99383,6.47076],[79.99394,6.47044],[79.99387,6.47004],[79.99397,6.46916],[79.9945,6.46913],[79.99456,6.46861],[79.99432,6.4685],[79.99436,6.46779],[79.99327,6.46757],[79.9916,6.46777],[79.99149,6.46759],[79.99093,6.46763],[79.99082,6.46524],[79.98845,6.46532],[79.98716,6.46497],[79.98636,6.46747],[79.98401,6.47376],[79.98521,6.47452],[79.98587,6.47512],[79.98648,6.4754],[79.98721,6.476],[79.9881,6.47638],[79.98876,6.47649],[79.98957,6.47612],[79.98942,6.47576],[79.9895,6.47571],[79.98942,6.47522],[79.98924,6.47515],[79.98926,6.47404],[79.99039,6.47415],[79.99104,6.47406],[79.99142,6.47461],[79.99117,6.47493],[79.99159,6.47553],[79.99157,6.47589],[79.99208,6.47603],[79.99272,6.47571],[79.99328,6.47615]]]}},{"type":"Feature","properties":{"pcode":"LK1206355","gn":"Dambaduraya","ds":"Katana","district":"Gampaha"},"geometry":{"type":"Polygon","coordinates":[[[79.8937,7.12392],[79.8927,7.12282],[79.89266,7.12211],[79.89298,7.12206],[79.89302,7.12182],[79.89261,7.12185],[79.89261,7.12162],[79.89245,7.12161],[79.89243,7.12078],[79.89009,7.12055],[79.88889,7.11933],[79.88837,7.1184],[79.88781,7.11779],[79.88726,7.11645],[79.88695,7.11636],[79.88734,7.11528],[79.88698,7.11513],[79.88702,7.11492],[79.88677,7.11489],[79.88673,7.11505],[79.88615,7.11496],[79.88603,7.11522],[79.88508,7.11527],[79.88378,7.11526],[79.88217,7.11497],[79.88188,7.11661],[79.88184,7.11939],[79.88194,7.12031],[79.88231,7.12113],[79.88234,7.1216],[79.88269,7.1225],[79.88325,7.1232],[79.88439,7.1236],[79.88633,7.12378],[79.88682,7.12358],[79.88805,7.122],[79.88835,7.12185],[79.88917,7.12246],[79.89029,7.12391],[79.89187,7.12518],[79.89351,7.1243],[79.8937,7.12392]]]}},{"type":"Feature","properties":{"pcode":"LK1324280","gn":"Hettimulla","ds":"Beruwala","district":"Kalutara"},"geometry":{"type":"Polygon","coordinates":[[[79.99082,6.46524],[79.99654,6.46403],[79.998,6.46352],[79.99972,6.46315],[79.99973,6.46294],[79.99994,6.4628],[80.00075,6.46291],[80.00133,6.46273],[80.00219,6.46196],[80.00261,6.46106],[80.00326,6.46029],[80.00321,6.45992],[80.00293,6.45956],[80.00244,6.45924],[80.00254,6.45769],[80.00214,6.45726],[80.00121,6.45661],[80.00104,6.45664],[80.00043,6.45732],[79.9996,6.45753],[79.99884,6.45755],[79.99854,6.4574],[79.99862,6.45696],[79.9984,6.45677],[79.99829,6.45633],[79.99813,6.45627],[79.99728,6.4564],[79.99641,6.45686],[79.99503,6.45644],[79.99415,6.45667],[79.99368,6.45658],[79.99241,6.45672],[79.99115,6.4566],[79.98972,6.45702],[79.98768,6.4572],[79.98739,6.45778],[79.9869,6.45795],[79.98723,6.46362],[79.98716,6.46497],[79.98845,6.46532],[79.99082,6.46524]]]}},{"type":"Feature","properties":{"pcode":"LK1206350","gn":"Bandarawatta West","ds":"Katana","district":"Gampaha"},"geometry":{"type":"Polygon","coordinates":[[[79.88432,7.12358],[79.88325,7.1232],[79.88269,7.1225],[79.88234,7.1216],[79.88231,7.12113],[79.88194,7.12031],[79.88183,7.11893],[79.88075,7.11918],[79.88072,7.11909],[79.87972,7.11897],[79.87962,7.11929],[79.87938,7.11928],[79.87865,7.11957],[79.87846,7.11976],[79.87837,7.12044],[79.87741,7.12027],[79.87395,7.12055],[79.8719,7.12051],[79.87198,7.12087],[79.87186,7.12104],[79.87203,7.12115],[79.87178,7.12124],[79.87208,7.12161],[79.87204,7.12173],[79.87128,7.12167],[79.87108,7.12148],[79.87104,7.12127],[79.87076,7.12122],[79.86999,7.12217],[79.86956,7.12304],[79.86944,7.12459],[79.87008,7.12626],[79.87099,7.12733],[79.8724,7.12718],[79.87241,7.12709],[79.87559,7.12775],[79.87583,7.12682],[79.87623,7.12593],[79.87677,7.12601],[79.87724,7.1252],[79.87763,7.12526],[79.87617,7.13121],[79.88158,7.13181],[79.8823,7.12919],[79.88432,7.12358]]]}},{"type":"Feature","properties":{"pcode":"LK1206345","gn":"Bandarawatta East","ds":"Katana","district":"Gampaha"},"geometry":{"type":"Polygon","coordinates":[[[79.88729,7.12305],[79.88682,7.12358],[79.88633,7.12378],[79.88432,7.12358],[79.8823,7.12919],[79.88158,7.13181],[79.88446,7.13215],[79.8862,7.13262],[79.8865,7.13153],[79.88642,7.13036],[79.8862,7.12985],[79.88615,7.12817],[79.8864,7.12731],[79.88696,7.12632],[79.88739,7.12518],[79.88748,7.12387],[79.88729,7.12305]]]}},{"type":"Feature","properties":{"pcode":"LK1206340","gn":"Mookalangamuwa East","ds":"Katana","district":"Gampaha"},"geometry":{"type":"Polygon","coordinates":[[[79.88333,7.13726],[79.8839,7.13633],[79.88425,7.13533],[79.88538,7.13417],[79.8862,7.13262],[79.88446,7.13215],[79.88158,7.13181],[79.87916,7.14064],[79.8797,7.14082],[79.87997,7.14046],[79.88172,7.1409],[79.88194,7.14098],[79.88192,7.14111],[79.88237,7.14122],[79.88308,7.13866],[79.88333,7.13726]]]}},{"type":"Feature","properties":{"pcode":"LK1324300","gn":"Mullapitiya","ds":"Beruwala","district":"Kalutara"},"geometry":{"type":"Polygon","coordinates":[[[80.00103,6.45664],[80.00037,6.45603],[80.0004,6.45574],[80.00064,6.45518],[80.0013,6.45497],[80.00079,6.4541],[80.00017,6.45213],[79.99981,6.45152],[79.99915,6.4509],[79.99898,6.4505],[79.9982,6.45116],[79.99712,6.45176],[79.99685,6.45217],[79.99644,6.4525],[79.99585,6.45275],[79.9953,6.45254],[79.99493,6.45266],[79.99426,6.45222],[79.99184,6.45197],[79.99135,6.45215],[79.991,6.45207],[79.99119,6.4512],[79.99208,6.45046],[79.99204,6.45024],[79.99164,6.44983],[79.99124,6.44981],[79.99028,6.45031],[79.98995,6.45098],[79.98949,6.45111],[79.98818,6.45105],[79.98804,6.45328],[79.98743,6.45352],[79.9867,6.45317],[79.98654,6.45321],[79.98639,6.45347],[79.98646,6.45407],[79.98661,6.45431],[79.98698,6.4545],[79.98699,6.45483],[79.98896,6.45474],[79.98927,6.45488],[79.98931,6.45503],[79.98804,6.45569],[79.98708,6.45595],[79.98693,6.45623],[79.98625,6.45614],[79.9861,6.45626],[79.98612,6.45657],[79.98696,6.45676],[79.98768,6.4572],[79.98972,6.45702],[79.99115,6.4566],[79.99241,6.45672],[79.99368,6.45658],[79.99415,6.45667],[79.99503,6.45644],[79.99641,6.45686],[79.99728,6.4564],[79.99813,6.45627],[79.99829,6.45633],[79.9984,6.45677],[79.99862,6.45696],[79.99854,6.4574],[79.99897,6.45756],[80.00043,6.45732],[80.00103,6.45664]]]}},{"type":"Feature","properties":{"pcode":"LK1324295","gn":"Moragalla","ds":"Beruwala","district":"Kalutara"},"geometry":{"type":"MultiPolygon","coordinates":[[[[79.97906,6.44145],[79.97903,6.4416],[79.97926,6.44165],[79.97928,6.4415],[79.97906,6.44145]]],[[[79.97895,6.4471],[79.97912,6.44696],[79.97941,6.44697],[79.97908,6.44654],[79.97833,6.44669],[79.97852,6.44708],[79.97895,6.4471]]],[[[79.9769,6.45259],[79.97903,6.45003],[79.97938,6.44931],[79.9796,6.4479],[79.97915,6.44912],[79.97868,6.44966],[79.97844,6.45023],[79.97825,6.45032],[79.97797,6.45109],[79.97753,6.45142],[79.97712,6.45209],[79.97701,6.45202],[79.9769,6.45259]]],[[[79.98991,6.4414],[79.9855,6.44362],[79.98528,6.4447],[79.98206,6.44775],[79.98109,6.44822],[79.98009,6.44834],[79.9797,6.44852],[79.9796,6.44943],[79.97899,6.45088],[79.97845,6.45161],[79.97773,6.4521],[79.97737,6.45214],[79.97714,6.45242],[79.97747,6.45236],[79.97762,6.45256],[79.97757,6.45323],[79.97726,6.4539],[79.97749,6.45455],[79.97753,6.45564],[79.97729,6.45629],[79.97669,6.45712],[79.97656,6.45758],[79.97716,6.45788],[79.9772,6.45815],[79.97734,6.45826],[79.97828,6.45823],[79.97927,6.4585],[79.97993,6.45839],[79.98006,6.45744],[79.98057,6.45741],[79.98093,6.45765],[79.98137,6.45757],[79.98208,6.45769],[79.98231,6.45698],[79.98245,6.45699],[79.9831,6.45659],[79.98335,6.45662],[79.98391,6.45696],[79.9841,6.45658],[79.98453,6.45671],[79.98506,6.45578],[79.98523,6.45617],[79.98672,6.4576],[79.9869,6.45795],[79.98739,6.45778],[79.98756,6.45757],[79.98766,6.45718],[79.98696,6.45676],[79.98612,6.45657],[79.9861,6.45626],[79.98625,6.45614],[79.98693,6.45623],[79.98708,6.45595],[79.98804,6.45569],[79.98931,6.45503],[79.98927,6.45488],[79.98896,6.45474],[79.98699,6.45483],[79.98698,6.4545],[79.98661,6.45431],[79.98646,6.45407],[79.98644,6.45332],[79.98654,6.45321],[79.98682,6.45319],[79.98743,6.45352],[79.98804,6.45328],[79.98818,6.45105],[79.98773,6.45032],[79.9877,6.44994],[79.9881,6.44953],[79.98889,6.44931],[79.98968,6.44891],[79.99052,6.44782],[79.9916,6.44599],[79.99194,6.44516],[79.99224,6.44375],[79.99226,6.44269],[79.992,6.44187],[79.99111,6.4406],[79.98991,6.4414]]]]}},{"type":"Feature","properties":{"pcode":"LK1324290","gn":"Maligahena","ds":"Beruwala","district":"Kalutara"},"geometry":{"type":"Polygon","coordinates":[[[79.98453,6.45671],[79.9841,6.45658],[79.98391,6.45696],[79.98335,6.45662],[79.9831,6.45659],[79.98245,6.45699],[79.98231,6.45698],[79.98208,6.45769],[79.98137,6.45757],[79.98093,6.45765],[79.98057,6.45741],[79.98006,6.45744],[79.97977,6.45935],[79.97922,6.45906],[79.97822,6.46069],[79.978,6.46077],[79.97748,6.46061],[79.97736,6.46073],[79.9773,6.46099],[79.97786,6.46158],[79.97789,6.46265],[79.97802,6.46286],[79.97791,6.46387],[79.9788,6.46378],[79.98022,6.46409],[79.98069,6.46437],[79.98121,6.46361],[79.98155,6.46266],[79.98196,6.46045],[79.98346,6.45894],[79.9841,6.4581],[79.98437,6.45755],[79.98453,6.45671]]]}},{"type":"Feature","properties":{"pcode":"LK1324285","gn":"Mahagoda","ds":"Beruwala","district":"Kalutara"},"geometry":{"type":"Polygon","coordinates":[[[79.98716,6.46497],[79.98723,6.46362],[79.98692,6.45802],[79.98672,6.4576],[79.98523,6.45617],[79.98506,6.45578],[79.98454,6.45667],[79.98437,6.45755],[79.9841,6.4581],[79.98346,6.45894],[79.98196,6.46045],[79.98173,6.46203],[79.98133,6.46333],[79.98052,6.46474],[79.98233,6.46542],[79.98257,6.46575],[79.98341,6.46566],[79.98368,6.46578],[79.98383,6.46605],[79.984,6.46606],[79.98419,6.46592],[79.98423,6.46558],[79.98523,6.4645],[79.98642,6.46489],[79.98716,6.46497]]]}},{"type":"Feature","properties":{"pcode":"LK1206235","gn":"Walanagoda","ds":"Katana","district":"Gampaha"},"geometry":{"type":"Polygon","coordinates":[[[79.91487,7.17142],[79.91436,7.17098],[79.91384,7.17024],[79.91362,7.16971],[79.91337,7.16842],[79.91305,7.16769],[79.91214,7.16678],[79.91215,7.16658],[79.9118,7.16603],[79.91178,7.16501],[79.91236,7.16493],[79.91233,7.16441],[79.91273,7.16432],[79.91279,7.16414],[79.9127,7.16374],[79.91247,7.16384],[79.91189,7.16361],[79.91042,7.16392],[79.90991,7.16333],[79.9088,7.16317],[79.90847,7.16319],[79.90837,7.16353],[79.90812,7.1636],[79.9078,7.16318],[79.90748,7.16217],[79.9063,7.16206],[79.90569,7.16137],[79.90546,7.16155],[79.90512,7.16223],[79.90491,7.16238],[79.9043,7.16182],[79.90411,7.16079],[79.90359,7.16024],[79.90347,7.15961],[79.90309,7.15905],[79.90287,7.15883],[79.90216,7.15896],[79.90153,7.15844],[79.90098,7.15885],[79.90027,7.15897],[79.89962,7.15976],[79.89931,7.15999],[79.89896,7.16007],[79.89779,7.15994],[79.89751,7.15945],[79.89689,7.15906],[79.89648,7.15852],[79.89609,7.15836],[79.89547,7.15869],[79.89496,7.15935],[79.89515,7.16183],[79.89505,7.1622],[79.89416,7.16229],[79.89282,7.16195],[79.8912,7.16178],[79.88987,7.16128],[79.88748,7.1601],[79.88565,7.15946],[79.885,7.15906],[79.88462,7.15869],[79.88439,7.15827],[79.88451,7.15783],[79.88509,7.15681],[79.88547,7.1556],[79.88357,7.15537],[79.88332,7.16002],[79.88435,7.15982],[79.88488,7.16028],[79.88478,7.16072],[79.8856,7.16093],[79.88581,7.16079],[79.8862,7.16109],[79.88641,7.16141],[79.88639,7.16165],[79.88597,7.16193],[79.88584,7.16232],[79.88555,7.16258],[79.88553,7.16345],[79.88519,7.16367],[79.88499,7.16418],[79.88523,7.16499],[79.8853,7.16578],[79.89458,7.16629],[79.89454,7.1672],[79.89553,7.16761],[79.89584,7.16909],[79.89723,7.16883],[79.89756,7.16889],[79.89775,7.16766],[79.89827,7.16705],[79.89964,7.1669],[79.90082,7.16737],[79.90173,7.16702],[79.90187,7.16728],[79.90221,7.16734],[79.90297,7.16695],[79.90358,7.16689],[79.90536,7.16742],[79.90804,7.16867],[79.90808,7.1686],[79.90833,7.16868],[79.90858,7.16881],[79.90898,7.16932],[79.91106,7.16914],[79.91193,7.16936],[79.91191,7.16993],[79.91219,7.17037],[79.91219,7.17139],[79.91294,7.17144],[79.91344,7.17119],[79.91386,7.17151],[79.91436,7.1713],[79.91469,7.17146],[79.91487,7.17142]]]}},{"type":"Feature","properties":{"pcode":"LK1206230","gn":"Katunayaka South","ds":"Katana","district":"Gampaha"},"geometry":{"type":"Polygon","coordinates":[[[79.87712,7.16099],[79.8777,7.15865],[79.87846,7.15711],[79.87873,7.15602],[79.87724,7.15633],[79.87537,7.15595],[79.87457,7.15565],[79.87212,7.15523],[79.87165,7.15519],[79.8716,7.15533],[79.87079,7.15513],[79.86982,7.15475],[79.8695,7.15473],[79.86919,7.15452],[79.86891,7.15311],[79.86836,7.15332],[79.86838,7.15386],[79.86873,7.1553],[79.8682,7.15639],[79.86855,7.15639],[79.86865,7.15661],[79.86861,7.15671],[79.86822,7.15671],[79.86823,7.15722],[79.86795,7.15748],[79.86789,7.1577],[79.86789,7.158],[79.86818,7.15818],[79.86817,7.15925],[79.86778,7.16094],[79.86781,7.16124],[79.86771,7.16131],[79.8677,7.16169],[79.8678,7.1618],[79.86767,7.16198],[79.86777,7.16207],[79.86774,7.16263],[79.86759,7.16301],[79.86738,7.16311],[79.86736,7.1633],[79.86914,7.16386],[79.86974,7.16386],[79.86981,7.16415],[79.87014,7.16439],[79.87024,7.16433],[79.87172,7.16629],[79.87235,7.16652],[79.87241,7.16669],[79.87345,7.16369],[79.87405,7.16391],[79.87505,7.16144],[79.87543,7.16088],[79.87549,7.16095],[79.87604,7.16054],[79.87621,7.16034],[79.87621,7.16006],[79.87712,7.16099]]]}},{"type":"Feature","properties":{"pcode":"LK1206225","gn":"Katunayaka North","ds":"Katana","district":"Gampaha"},"geometry":{"type":"Polygon","coordinates":[[[79.87241,7.16669],[79.87235,7.16652],[79.87172,7.16629],[79.87024,7.16433],[79.87014,7.16439],[79.86981,7.16415],[79.86974,7.16386],[79.86914,7.16386],[79.86736,7.1633],[79.86708,7.16386],[79.86686,7.16394],[79.86655,7.16448],[79.86659,7.16472],[79.86693,7.165],[79.86694,7.16573],[79.8667,7.16595],[79.86679,7.16616],[79.86668,7.16664],[79.8662,7.16759],[79.86605,7.16812],[79.86738,7.16899],[79.86709,7.16944],[79.86765,7.1697],[79.86837,7.16988],[79.86857,7.16935],[79.86882,7.16937],[79.86911,7.16893],[79.86937,7.1689],[79.87002,7.16915],[79.86987,7.16948],[79.86971,7.16943],[79.86961,7.16989],[79.8699,7.16995],[79.87004,7.16966],[79.8708,7.16972],[79.87069,7.17002],[79.87167,7.17023],[79.87271,7.17068],[79.87312,7.1698],[79.87273,7.16911],[79.87227,7.16887],[79.87224,7.16837],[79.87178,7.168],[79.87241,7.16669]]]}},{"type":"Feature","properties":{"pcode":"LK1324310","gn":"Kaluwamodara North","ds":"Beruwala","district":"Kalutara"},"geometry":{"type":"Polygon","coordinates":[[[79.99898,6.4505],[79.9991,6.44966],[80.00006,6.44971],[80.00088,6.45],[80.00126,6.45051],[80.00127,6.45087],[80.00158,6.45102],[80.00186,6.45099],[80.00228,6.45044],[80.00288,6.45094],[80.00318,6.45098],[80.00356,6.4509],[80.00379,6.45069],[80.00464,6.45036],[80.00305,6.44895],[80.00275,6.44852],[80.00253,6.44779],[80.00213,6.4475],[80.00192,6.44716],[80.00131,6.44744],[79.99995,6.44646],[79.9994,6.44793],[79.99809,6.44697],[79.99691,6.44627],[79.99597,6.44507],[79.99311,6.45209],[79.99426,6.45222],[79.99493,6.45266],[79.9953,6.45254],[79.99571,6.45274],[79.99605,6.45272],[79.99685,6.45217],[79.99712,6.45176],[79.9982,6.45116],[79.99898,6.4505]]]}},{"type":"Feature","properties":{"pcode":"LK1206220","gn":"Kurana Katunayaka South","ds":"Katana","district":"Gampaha"},"geometry":{"type":"Polygon","coordinates":[[[79.87271,7.17068],[79.87167,7.17023],[79.87069,7.17002],[79.8708,7.16972],[79.87004,7.16966],[79.8699,7.16995],[79.86961,7.16989],[79.86971,7.16943],[79.86987,7.16948],[79.87002,7.16915],[79.86937,7.1689],[79.86911,7.16893],[79.86882,7.16937],[79.86857,7.16935],[79.86837,7.16988],[79.86765,7.1697],[79.86709,7.16944],[79.86738,7.16899],[79.86605,7.16812],[79.86551,7.16953],[79.86501,7.17027],[79.86474,7.17112],[79.86458,7.17125],[79.86457,7.17148],[79.86429,7.17171],[79.86409,7.17225],[79.86484,7.17262],[79.8662,7.17299],[79.86725,7.17361],[79.8674,7.17386],[79.86822,7.17395],[79.86872,7.17365],[79.86904,7.17363],[79.86905,7.17371],[79.87038,7.17395],[79.87033,7.17409],[79.87058,7.1742],[79.87057,7.17434],[79.87077,7.1744],[79.87084,7.17432],[79.8713,7.17453],[79.87188,7.17339],[79.87209,7.17223],[79.87271,7.17068]]]}},{"type":"Feature","properties":{"pcode":"LK1206255","gn":"Liyanagemulla North","ds":"Katana","district":"Gampaha"},"geometry":{"type":"Polygon","coordinates":[[[79.86836,7.15332],[79.86891,7.15311],[79.86919,7.15452],[79.8695,7.15473],[79.86982,7.15475],[79.87079,7.15513],[79.8716,7.15533],[79.87165,7.15519],[79.87212,7.15523],[79.87457,7.15565],[79.87537,7.15595],[79.87724,7.15633],[79.87799,7.15618],[79.87896,7.1537],[79.88064,7.1475],[79.87824,7.14721],[79.87829,7.1465],[79.87617,7.14666],[79.87263,7.1458],[79.8727,7.14547],[79.87055,7.14502],[79.87048,7.14482],[79.86769,7.14416],[79.86709,7.14413],[79.86721,7.14723],[79.86688,7.14844],[79.86691,7.1487],[79.86714,7.14899],[79.86668,7.15021],[79.86644,7.15175],[79.86652,7.15252],[79.86615,7.15328],[79.86597,7.15416],[79.86614,7.15527],[79.86597,7.15557],[79.86625,7.1563],[79.86621,7.15662],[79.86635,7.15678],[79.86671,7.15645],[79.86788,7.15372],[79.86836,7.15332]]]}},{"type":"Feature","properties":{"pcode":"LK1324305","gn":"Gammedda","ds":"Beruwala","district":"Kalutara"},"geometry":{"type":"Polygon","coordinates":[[[79.99311,6.45209],[79.99597,6.44507],[79.99451,6.44352],[79.99402,6.4428],[79.99365,6.44265],[79.99337,6.44275],[79.99307,6.44268],[79.99284,6.44249],[79.99259,6.44245],[79.99226,6.44273],[79.99224,6.44375],[79.99194,6.44516],[79.99098,6.44711],[79.98968,6.44891],[79.98889,6.44931],[79.9881,6.44953],[79.9877,6.44994],[79.9877,6.45015],[79.98818,6.45105],[79.98949,6.45111],[79.98995,6.45098],[79.99028,6.45031],[79.99062,6.45007],[79.99124,6.44981],[79.99164,6.44983],[79.99204,6.45024],[79.99208,6.45046],[79.99119,6.4512],[79.991,6.45207],[79.99135,6.45215],[79.99184,6.45197],[79.99311,6.45209]]]}},{"type":"Feature","properties":{"pcode":"LK1206250","gn":"Muthuwadiya","ds":"Katana","district":"Gampaha"},"geometry":{"type":"Polygon","coordinates":[[[79.89751,7.15945],[79.89785,7.15914],[79.89807,7.15848],[79.89786,7.15769],[79.89746,7.15699],[79.89607,7.15582],[79.89431,7.15592],[79.89392,7.15504],[79.89228,7.15572],[79.89174,7.1561],[79.89138,7.15605],[79.89025,7.15626],[79.88984,7.15594],[79.88776,7.15579],[79.8856,7.15516],[79.88536,7.15615],[79.88451,7.15783],[79.88439,7.15827],[79.88462,7.15869],[79.885,7.15906],[79.88565,7.15946],[79.88851,7.16053],[79.89056,7.16158],[79.8912,7.16178],[79.89282,7.16195],[79.89416,7.16229],[79.89505,7.1622],[79.89515,7.16183],[79.89496,7.15935],[79.89547,7.15869],[79.89609,7.15836],[79.89631,7.15839],[79.89689,7.15906],[79.89751,7.15945]]]}},{"type":"Feature","properties":{"pcode":"LK1324170","gn":"Bubulalanda","ds":"Beruwala","district":"Kalutara"},"geometry":{"type":"Polygon","coordinates":[[[80.00115,6.48769],[79.99992,6.48686],[79.99963,6.48733],[79.99941,6.48741],[79.99932,6.48732],[79.9994,6.48704],[79.99828,6.48599],[79.99762,6.4864],[79.99708,6.48579],[79.99681,6.48635],[79.99631,6.48694],[79.99589,6.4867],[79.99536,6.48667],[79.99487,6.48719],[79.9953,6.48764],[79.99576,6.48774],[79.99604,6.48842],[79.99589,6.48854],[79.9951,6.48854],[79.99473,6.48786],[79.99368,6.48783],[79.99351,6.48814],[79.99335,6.48961],[79.99338,6.49032],[79.99371,6.49101],[79.99431,6.49124],[79.99479,6.49114],[79.99526,6.49136],[79.99549,6.49134],[79.99568,6.49164],[79.99686,6.49224],[79.99694,6.49251],[79.99725,6.49282],[79.99741,6.49334],[79.99704,6.49369],[79.99709,6.49438],[79.99647,6.49381],[79.99659,6.49312],[79.99624,6.49241],[79.9956,6.49219],[79.99533,6.49191],[79.99451,6.49196],[79.99433,6.49181],[79.9941,6.49182],[79.99388,6.49264],[79.9932,6.49298],[79.99318,6.49308],[79.99336,6.49327],[79.99378,6.49467],[79.99408,6.49512],[79.9937,6.49559],[79.99325,6.49565],[79.99294,6.4962],[79.99375,6.49658],[79.99458,6.49631],[79.9949,6.49638],[79.99521,6.49627],[79.99669,6.49551],[79.99837,6.49409],[79.9982,6.49307],[79.9979,6.4927],[79.99788,6.49224],[79.99826,6.49146],[79.99896,6.49051],[79.99873,6.48993],[79.99961,6.49004],[80.00024,6.48969],[80.00045,6.48906],[80.00029,6.48896],[80.00115,6.48769]]]}},{"type":"Feature","properties":{"pcode":"LK1324165","gn":"Akkara Asoowa","ds":"Beruwala","district":"Kalutara"},"geometry":{"type":"Polygon","coordinates":[[[79.99484,6.49974],[79.99526,6.49906],[79.9963,6.49858],[79.99706,6.49837],[79.99758,6.49829],[79.99874,6.49846],[80.0,6.49843],[80.00058,6.4981],[80.00187,6.49801],[80.00303,6.49766],[80.00352,6.49762],[80.00377,6.49742],[80.00391,6.49703],[80.00418,6.49687],[80.00431,6.49624],[80.00482,6.49542],[80.00503,6.49436],[80.00553,6.4939],[80.00592,6.49372],[80.00657,6.493],[80.00621,6.49267],[80.00668,6.49175],[80.00631,6.49141],[80.00553,6.49104],[80.0055,6.49071],[80.00576,6.48994],[80.00533,6.48972],[80.00495,6.48874],[80.00468,6.48868],[80.004,6.48822],[80.00347,6.4874],[80.00313,6.48762],[80.00278,6.48747],[80.00219,6.48748],[80.00183,6.48778],[80.00136,6.48735],[80.00029,6.48896],[80.00045,6.48906],[80.00024,6.48969],[79.99961,6.49004],[79.99873,6.48993],[79.99896,6.49051],[79.99826,6.49146],[79.99788,6.49224],[79.9979,6.4927],[79.9982,6.49307],[79.99837,6.49409],[79.99684,6.4954],[79.99521,6.49627],[79.9949,6.49638],[79.99458,6.49631],[79.99375,6.49658],[79.99216,6.49596],[79.9922,6.49737],[79.99312,6.49852],[79.99266,6.49879],[79.9922,6.49891],[79.99217,6.49925],[79.99203,6.49938],[79.99254,6.49967],[79.99357,6.49975],[79.99386,6.5],[79.99448,6.50021],[79.99465,6.50046],[79.99487,6.50027],[79.99484,6.49974]]]}},{"type":"Feature","properties":{"pcode":"LK1324200","gn":"Cheenakotuwa","ds":"Beruwala","district":"Kalutara"},"geometry":{"type":"Polygon","coordinates":[[[79.99791,6.48027],[79.99802,6.47985],[79.9976,6.47905],[79.99571,6.47773],[79.99526,6.47756],[79.99503,6.47764],[79.99471,6.47744],[79.99292,6.47578],[79.99261,6.47572],[79.99208,6.47603],[79.99157,6.47589],[79.99159,6.47553],[79.99117,6.47493],[79.99142,6.47461],[79.99104,6.47406],[79.99039,6.47415],[79.98926,6.47404],[79.98924,6.47515],[79.98942,6.47522],[79.9895,6.47571],[79.98942,6.47576],[79.98957,6.47612],[79.98862,6.47649],[79.98721,6.476],[79.98435,6.47397],[79.98376,6.47603],[79.98412,6.47587],[79.98481,6.47614],[79.9861,6.47713],[79.9868,6.47731],[79.98882,6.47709],[79.9896,6.47717],[79.99131,6.47709],[79.99081,6.47796],[79.99289,6.47806],[79.99329,6.47848],[79.99391,6.47884],[79.99395,6.47936],[79.99417,6.47989],[79.99455,6.4799],[79.99509,6.4801],[79.99556,6.48051],[79.9962,6.48042],[79.99624,6.48057],[79.99678,6.48056],[79.99695,6.48067],[79.99791,6.48027]]]}},{"type":"Feature","properties":{"pcode":"LK1206270","gn":"Thempala","ds":"Katana","district":"Gampaha"},"geometry":{"type":"Polygon","coordinates":[[[79.89392,7.15504],[79.89363,7.15439],[79.89347,7.15308],[79.8939,7.15212],[79.89385,7.15113],[79.89438,7.14817],[79.89428,7.14557],[79.89407,7.14464],[79.89436,7.14323],[79.89466,7.14243],[79.8942,7.14237],[79.89357,7.14194],[79.89224,7.14131],[79.89183,7.14131],[79.89153,7.1423],[79.89151,7.1456],[79.89129,7.14646],[79.89084,7.14698],[79.89021,7.14743],[79.88866,7.14812],[79.88757,7.14842],[79.88685,7.14875],[79.88655,7.14927],[79.88703,7.1507],[79.88706,7.15132],[79.88692,7.15209],[79.88589,7.15395],[79.8856,7.15516],[79.88776,7.15579],[79.88984,7.15594],[79.89025,7.15626],[79.89138,7.15605],[79.89174,7.1561],[79.89228,7.15572],[79.89392,7.15504]]]}},{"type":"Feature","properties":{"pcode":"LK1206265","gn":"Amandoluwa","ds":"Katana","district":"Gampaha"},"geometry":{"type":"Polygon","coordinates":[[[79.88547,7.1556],[79.88589,7.15395],[79.88692,7.15209],[79.88706,7.15132],[79.88703,7.1507],[79.88655,7.14927],[79.88685,7.14875],[79.88757,7.14842],[79.88866,7.14812],[79.89021,7.14743],[79.89084,7.14698],[79.89129,7.14646],[79.89151,7.1456],[79.89153,7.1423],[79.89009,7.142],[79.88907,7.14199],[79.88831,7.14181],[79.88808,7.1413],[79.88808,7.14089],[79.88781,7.14071],[79.88788,7.14029],[79.88717,7.14022],[79.88718,7.1401],[79.88666,7.14003],[79.88607,7.13976],[79.8861,7.13948],[79.8858,7.13937],[79.88599,7.13766],[79.88518,7.13746],[79.88423,7.1374],[79.88348,7.13701],[79.88333,7.13726],[79.88278,7.13989],[79.88189,7.14304],[79.88187,7.1436],[79.88051,7.14784],[79.87977,7.15091],[79.88066,7.15169],[79.88175,7.15217],[79.88174,7.15258],[79.88189,7.15263],[79.8819,7.1531],[79.88216,7.15313],[79.88207,7.15336],[79.8822,7.15363],[79.88209,7.15393],[79.88216,7.15432],[79.8826,7.15468],[79.88322,7.15484],[79.88321,7.1553],[79.88547,7.1556]]]}},{"type":"Feature","properties":{"pcode":"LK1324195","gn":"Pannila","ds":"Beruwala","district":"Kalutara"},"geometry":{"type":"Polygon","coordinates":[[[79.99988,6.48239],[80.00021,6.48186],[80.00055,6.48044],[80.00211,6.48085],[80.00326,6.48029],[80.00401,6.48063],[80.00414,6.4809],[80.00459,6.48099],[80.00417,6.47992],[80.00391,6.47825],[80.00393,6.477],[80.00437,6.47623],[80.00394,6.47632],[80.00195,6.47625],[80.00077,6.4764],[79.99869,6.47641],[79.99803,6.47557],[79.99743,6.47535],[79.99706,6.47497],[79.9968,6.47502],[79.99648,6.47423],[79.99645,6.47381],[79.99622,6.47398],[79.99619,6.47373],[79.99534,6.47392],[79.99477,6.47446],[79.99444,6.47458],[79.99459,6.47506],[79.99357,6.47576],[79.99328,6.47615],[79.99471,6.47744],[79.99503,6.47764],[79.99532,6.47757],[79.99576,6.47775],[79.99769,6.47913],[79.99803,6.47988],[79.9979,6.48017],[79.99795,6.48122],[79.99833,6.48199],[79.99855,6.48279],[79.99988,6.48239]]]}},{"type":"Feature","properties":{"pcode":"LK1206260","gn":"Liyanagemulla South","ds":"Katana","district":"Gampaha"},"geometry":{"type":"Polygon","coordinates":[[[79.88237,7.14122],[79.88192,7.14111],[79.88194,7.14098],[79.88172,7.1409],[79.87997,7.14046],[79.8797,7.14082],[79.87916,7.14064],[79.87897,7.14042],[79.87806,7.14031],[79.87799,7.1401],[79.87762,7.13998],[79.87729,7.13942],[79.87716,7.13938],[79.87491,7.13885],[79.87489,7.13896],[79.87408,7.13898],[79.87364,7.13874],[79.87362,7.13749],[79.87263,7.13747],[79.87118,7.13709],[79.87063,7.13673],[79.86922,7.13656],[79.8684,7.13826],[79.86789,7.13986],[79.86732,7.14236],[79.86709,7.14413],[79.86769,7.14416],[79.87048,7.14482],[79.87055,7.14502],[79.8727,7.14547],[79.87263,7.1458],[79.87617,7.14666],[79.87829,7.1465],[79.87824,7.14721],[79.88064,7.1475],[79.88187,7.1436],[79.88188,7.14313],[79.88237,7.14122]]]}},{"type":"Feature","properties":{"pcode":"LK1324220","gn":"Polkotuwa","ds":"Beruwala","district":"Kalutara"},"geometry":{"type":"Polygon","coordinates":[[[79.97958,6.47665],[79.98153,6.47759],[79.98225,6.47755],[79.98248,6.47794],[79.9827,6.47904],[79.98295,6.48366],[79.98337,6.4838],[79.98402,6.48438],[79.98636,6.48437],[79.98639,6.48332],[79.98691,6.48264],[79.98583,6.48205],[79.98585,6.48146],[79.9864,6.48115],[79.98739,6.47905],[79.9869,6.47875],[79.98681,6.47849],[79.98646,6.47849],[79.98564,6.4781],[79.9855,6.47792],[79.9849,6.47778],[79.98394,6.47595],[79.98376,6.47603],[79.98435,6.47397],[79.98401,6.47376],[79.98539,6.47001],[79.98459,6.46978],[79.9835,6.47013],[79.98315,6.46974],[79.98261,6.46956],[79.98235,6.46921],[79.97993,6.46912],[79.97853,6.46859],[79.97776,6.46971],[79.97768,6.47114],[79.97894,6.47128],[79.97968,6.47175],[79.98004,6.47231],[79.97989,6.47236],[79.97949,6.47305],[79.97865,6.47262],[79.97841,6.4731],[79.97847,6.47328],[79.97913,6.47369],[79.97946,6.47404],[79.97959,6.47469],[79.97929,6.47528],[79.97961,6.47641],[79.97958,6.47665]]]}},{"type":"Feature","properties":{"pcode":"LK1324215","gn":"Marakkalahawatta","ds":"Beruwala","district":"Kalutara"},"geometry":{"type":"Polygon","coordinates":[[[79.98295,6.48372],[79.98281,6.48589],[79.98204,6.48903],[79.98217,6.48921],[79.98286,6.48947],[79.98334,6.48938],[79.98334,6.48946],[79.98413,6.48965],[79.98482,6.48965],[79.98604,6.49043],[79.98657,6.48977],[79.98661,6.49024],[79.9867,6.4903],[79.98692,6.49013],[79.98688,6.48986],[79.98749,6.48905],[79.98842,6.48921],[79.98923,6.48919],[79.99063,6.48948],[79.99187,6.48999],[79.99249,6.48947],[79.99234,6.48782],[79.99252,6.48759],[79.99155,6.4865],[79.99186,6.48539],[79.99171,6.48507],[79.99169,6.48432],[79.99143,6.48367],[79.99132,6.48137],[79.99153,6.48075],[79.99032,6.48103],[79.99004,6.48159],[79.98906,6.48174],[79.98846,6.48201],[79.98741,6.48225],[79.98688,6.48266],[79.98642,6.48323],[79.98636,6.48437],[79.98402,6.48438],[79.98337,6.4838],[79.98295,6.48372]]]}}]}